# KTU 1.3 I:1							
127265	al	al	al	ảl (I)	neg. functor	2) not	
127266	tġl	tġl	!t!ġl(y[	/ġ-l-y/	vb D? prefc. 3fs/2mp	“to degrade, dishonour” > “lower, bow” (?)	looks like a verb III-y
127267	bdxxxxx	bdxxxxx	bdxxxxx	?	?	?	
# KTU 1.3 I:2							
127268	p	p	prdmn/	prdmn	DN m. sg. abs. nom.	unknown deity	MERGE WITH THE NEXT: p+rdmn = prdmn (DN); p is not 'mouth'.
127269	rdmn	rdmn	prdmn/	prdmn	DN m. sg. abs. nom.	unknown deity	MERGE WITH THE PREVIOUS.
127270	ˤbd	ʿbd	ˤbd[	/ʕ-b-d/	vb G suffc. 3 m. sg.	to work (a field), to cultivate	'serves Mightiest Baal' (Tania reads vb; cf. noun ʕbd 'servant').
127271	aliyn	aliyn	aliyn/	ảlỉyn	adj. m. sg. abs. nom.	The Very / Most Powerful	
# KTU 1.3 I:3							
127272	bˤl	bʿl	bˤl/	bʕl (II)	DN m. sg. cstr. nom.	Baʿlu/Baal	
127273	sid	sid	s(ʔ&id[/	sỉd	n. m. sg. cstr. gen.	chief butler	the form is an active participle in nominal use
127274	zbl	zbl	zbl/	zbl (I)	n. m. pl. cstr. gen.	prince	
127275	bˤl	bʿl	bˤl(III)/	bʕl (II)	DN pl. cstr. gen.	Baʿlu/Baal	
# KTU 1.3 I:4							
127276	arṣ	arṣ	arṣ/	ảrṣ	n. f. sg. abs. gen.	earth	
127277	qm	qm	qm[/	/q-m/	vb G act. ptcpl. m. sg. abs. gen.	to stand up	most probably active participle
127278	yṯˤr	yṯʿr	!y!ṯˤr[	/ṯ-ʕ-r/	vb G prefc. 3 m. sg.	to prepare (the table)	
# KTU 1.3 I:5							
127279	w	w	w	w	conj.	and	
127280	yšlḥmnh	yšlḥmnh	!y!]š]lḥm[~n+h	/l-ḥ-m/ (I)	vb Š prefc. 3 m. sg.	1) to give to eat	
# KTU 1.3 I:6							
127281	ybr	ybr	!y!brd[	/b-r-d/	vb G prefc. 3 m. sg.	to divide, separate	MERGE WITH THE NEXT: ybr+d = ybrd 'he carves (a portion)'.
127282	d	d	!y!brd[	/b-r-d/	vb G prefc. 3 m. sg.	to divide, separate	MERGE WITH THE PREVIOUS.
127283	ṯd	ṯd	ṯd/	ṯd	n. m. pl. abs. nom.	2) breast (of meat)	
127284	l	l	l(I)	l (I)	prep.	to	
127285	pnwh	pnwh	pn&w(m/+h	pnm	n. m. pl. tant. cstr. gen.	in front	the lexeme is pnm (plur tantu)
# KTU 1.3 I:7							
127286	b	b	b	b	prep.	in	
127287	ḥrb	ḥrb	ḥrb/	ḥrb	n. f. sg. cstr. gen.	1) knife	
127288	mlḥt	mlḥt	mlḥ[/t	mlḥt	n. f. sg. cstr. gen.	salt	this is passive participle
# KTU 1.3 I:8							
127289	qṣ	qṣ	qṣ/	qṣ	n. m. sg. abs. gen.	2) fillet (of meat)	
127290	mri	mri	mr(u[/&i	mrủ (I)	n. m. sg. abs. gen.	2) fatling	likely passive participle
127291	ndd	ndd	ndd[/	/n-d-d/	vb G suffc. 3 m. sg.	to go, move	active participle
# KTU 1.3 I:9							
127292	yˤšr	yʿšr	!y!ˤšr[:d	/ʕ-š-r/	vb D prefc. 3 m. sg.	to invite	likely D-stem
127293	w	w	w	w	conj.	and	
127294	yšqynh	yšqynh	!y!šqy[~n+h	/š-q-y/	vb G prefc. 3 m. sg.	to offer (something to) drink	energic particle and pronominal suffix
# KTU 1.3 I:10							
127295	ytn	ytn	!y!(ytn[	/y-t-n/	vb G prefc. 3 m. sg.	to give, hand over, grant, bestow	probably prefix-conjugation as the forms before
127296	ks	ks	ks(I)/	ks (I)	n. m. sg. abs. nom.	cup	
127297	bdh	bdh	bd(IV)+h	bd (IV)	prep.	1) into the hands of	
# KTU 1.3 I:11							
127298	krpmnm	krpmnm	krp&mn/~m	krpn	n. m. pl. abs. acc.	cup, goblet	Correct lexeme? krpn with -m encl
127299	b	b	b	b	prep.	1) spatial location c) goal of movement or action	
127300	klat	klat	klat/	klảt(n)	n. f. sg. cstr. gen.	both	
127301	ydh	ydh	yd/+h	yd (I)	n. f. cstr. gen.	1) hand a) yrḥṣ ydh ảmth he washed his hands up to the elbow	
# KTU 1.3 I:12							
127302	bk	bk	bk/	bk	n. m. sg. abs. nom.	beaker	
127303	rb	rb	rb/	rb (I)	adj. m. sg. abs. nom.	great	
127304	ˤẓm	ʿẓm	ˤẓm(II)/	ʕẓm (II)	adj. m. sg. abs. nom.	imposing	
127305	ridn	ridn	ridn(I)/	rỉdn (I)	n. m. sg. cstr. nom.	a rython	
# KTU 1.3 I:13							
127306	mt	mt	mt(III)/	mt (III)	n. m. pl. cstr. gen.	3) hero	
127307	šmm	šmm	šm(m(I)/m	šmm (I)	n. m. pl. cstr. gen.	1) heavens	
127308	ks	ks	ks(I)/	ks (I)	n. m. sg. abs. gen.	cup	
127309	qdš	qdš	qdš(I)/	qdš (I)	adj. m. sg. abs. nom.	1) holy	
# KTU 1.3 I:14							
127310	l	l	l(II)	l (II)	adv.	no	or (III) for precative
127311	tpphnh	tpphnh	!t!p&ph(y[n+h	/p-h-y/	vb G prefc. 3 f. pl. + 3 m. sg. suff.	to see, espy	are there 2 p's? probably 3fem plur
127312	aṯt	aṯt	aṯ(t/t=	ảṯt	n. f. sg. cstr. nom.	1) woman	looks like plur
127313	krpn	krpn	krpn/	krpn	n. m. sg. abs. gen.	cup	
# KTU 1.3 I:15							
127314	l	l	l(II)	l (I)	prep.	to	or (III) for precative
127315	tˤn	tʿn	!t!ˤn[	/ʕ-n/	vb G prefc.	to see, look (at), watch, spy	
127316	aṯrt	aṯrt	aṯrt(II)/	ảṯrt (II)	DN f. sg. abs. nom.	Asherah	krpn l tˤn aṯrt 'a goblet Athirat may not eye' (DN, not 'nape').
127317	alp	alp	alp(II)/	ảlp (II)	num.	1) (one, a) thousand c) in appos	
# KTU 1.3 I:16							
127318	kd	kd	kd(I)/	kd (I)	n. f. sg. abs. nom.	2) “jar”	
127319	yqḥ	yqḥ	!y!(lqḥ[	/l-q-ḥ/	vb G prefc. 3 m. sg.	to get hold of, take, grasp	
127320	b	b	b	b	prep.	1) spatial location f) partitive use	
127321	ḫmr	ḫmr	ḫmr/	ḫmr	n. m. sg. abs. gen.	(sparkling(?)) wine	
# KTU 1.3 I:17							
127322	rbt	rbt	rb(t/t	rb(b)t	num. sg.	ten thousand	this is a noun "ten thousand"
127323	ymsk	ymsk	!y!msk[	/m-s-k/	vb G prefc. 3 m. sg.	to mix, combine	
127324	b	b	b	b	prep.	in	
127325	mskh	mskh	msk/+h	msk	n. m. cstr. gen.	mixture	
# KTU 1.3 I:18							
127326	qm	qm	qm[/	/q-m/	vb G suffc. 3 m. sg.	to stand up	participle
127327	ybd	ybd	!y!bd[	/b-d/	vb G prefc. 3 m. sg.	to intone a song	
127328	w	w	w	w	conj.	and	
127329	yšr	yšr	!y!šr(I)[	/š-r/ (I)	vb G prefc. 3 m. sg.	1) to sing	
# KTU 1.3 I:19							
127330	mṣltm	mṣltm	mṣl(t/tm	mṣlt (I)	n. f. pl. abs. nom.	cymbal	this is feminine dual form
127331	bd	bd	bd(IV)	b	prep.	in	
127332	nˤm	nʿm	nˤm	nʕm (I)	adj. m. sg. abs. gen.	1) handsome b) pleasant	
# KTU 1.3 I:20							
127333	yšr	yšr	!y!šr(I)[	/š-r/ (I)	vb G prefc. 3 m. sg.	1) to sing	
127334	ġzr	ġzr	ġzr/	ġzr	n. m. sg. abs. nom.	1) lad	
127335	ṭb	ṭb	ṭb/	ṭb	adj. m. sg. abs. nom.	1) good	
127336	ql	ql	ql(I)/	ql (I)	n. m. sg. abs. nom.	1) voice	
# KTU 1.3 I:21							
127337	ˤl	ʿl	ˤl	ʕl (I)	prep.	1) spatial location or pre-eminence c) in front	
127338	bˤl	bʿl	bˤl(III)/	bʕl (II)	n. m. pl. abs. gen.	Baʿlu/Baal	
127339	b	b	b	b	prep.	in	
127340	ṣrrt	ṣrrt	ṣrr(t/t=	ṣrrt	n. f. sg. cstr. gen.	height(s)	the dictionary says it is plural
# KTU 1.3 I:22							
127341	ṣpn	ṣpn	ṣpn/	ṣpn	TN/DN sg. abs. gen.	Ṣapānu/Zaphon/the mountain dwelling of bʕl deified	
127342	ymtmr	ymtmr	!y!&m]t](ʔmr[	/ʔ-m-r/	vb Gt prefc. 3 m. sg.	to be seen, appear	Gt stem, is first m really there?
127343	bˤl	bʿl	bˤl(III)/	bʕl (II)	n. m. pl. cstr. nom.	Baʿlu/Baal	
# KTU 1.3 I:23							
127344	bnth	bnth	b&n(t/t=+h	bt (I)	n. f. pl. cstr. + 3 m. sg. suff.	daughter	this is plural form, n is part of the root actually, is & necessary?
127345	yˤn	yʿn	!y!ˤn[	/ʕ-n/	vb G prefc. 3 m. sg.	to see, look (at), watch, spy	
127346	pdry	pdry	pdry/	pdry	DN sg. cstr. nom.	Pidray	
# KTU 1.3 I:24							
127347	bt	bt	bt/	bt (I)	n. f. sg. cstr. gen.	daughter	no reference to n assimilated to t?
127348	ar	ar	ar/	ả/ỉr	n. m. sg. abs. gen.	light	
127349	apn	apn	apn(II)	ảpn (II)	adv. functor	and in addition	
127350	ṭly	ṭly	ṭly/	ṭly	DN sg. cstr. nom.	Tallay	
# KTU 1.3 I:25							
127351	bt	bt 	bt/	bt (I)	n. f. sg. cstr. gen.	daughter	
127352	rb	 rb	rb(b/	rb(b)	n. m. sg. cstr. gen.	drizzle	ṭly bt rb 'Tallay daughter of Drizzle' (rb(b), not rb 'chief').
127353	pdry	pdry	pdry/	pdry	DN f. sg. abs. gen.	Pidray	pdry (Tania pdr<y>).
127354	idˤ	idʿ	(y&idˤ[	/y-d-ʕ/ (I)	vb G prefc. 1 c. sg.	1) to know	adding y doesn't solve the problem
# KTU 1.3 I:26							
127355	x	x 	x	?	?	?	
127356	x	x 	x	?	?	?	
127357	xht	xht	xht	?	?	?	
127358	im	im	im	ỉm	conj.	1) cond. conj. if	
127359	klt	klt	kl(t/t=	klt (I)	n. f. sg. abs. nom.	bride	Broken context; Tania reads a noun (klt).
# KTU 1.3 I:27							
127360	knyt	knyt	kny(t/t=	knyt	adj. f. pl. abs. nom.	glorious	
127361	w	w	w	w	conj.	and	
127362	xxxxxx	xxxxxx	xxxxxx	?	?	?	
# KTU 1.3 I:28							
127363	xxxxxxxxxmkt	xxxxxxxxxmkt	xxxxxxxxxmkt	?	?	?	
# KTU 1.3 II:1							
127364	nxxxxxxxxxšxxx	nxxxxxxxxxšxxx	nxxxxxxxxxšxxx	?	?	?	
# KTU 1.3 II:2							
127365	kpr	kpr	kpr(II)/	kpr (II)	n. m. sg. cstr. nom.	henna (powder or dye)	
127366	šbˤ	šbʿ	šbˤ(I)/	šbʕ (I)	num.	1) numeral seven d) gen. syntagms	
127367	bnt	bnt	b&nt/	bt (I)	n. f. pl. cstr. gen.	daughter	
127368	rḥ	rḥ	rḥ(II)/	rḥ (II)	n. m. sg. cstr. gen.	aroma	
127369	gdm	gdm	gd(I)/m	gd (I)	n. m. pl. abs. gen.	coriander	coriander in plural ?
# KTU 1.3 II:3							
127370	w	w	w	w	conj.	and	
127371	anhbm	anhbm	anhb/m	ảnhb	n. m. pl. cstr. nom.	ein Stein	
127372	klat	klat	kl(ʔ&a/t=	klảt(n)	n. f. sg. cstr. gen.	both	:pass is doors are subject
127373	ṯġrt	ṯġrt	ṯġr(I)/t=	ṯġr (I)	n. f. sg. cstr. gen.	gate	plural
# KTU 1.3 II:4							
127374	bht	bht	b&ht(II)/	bt (II)	n. m. pl. cstr. gen.	house	
127375	ˤnt	ʿnt	ˤnt(I)/	ʕnt (I)	DN f. sg. abs. gen.	ʿAnatu/Anat	
127376	w	w	w	w	conj.	and	
127377	tqry	tqry	!t!qry[	/q-r-y/	vb G prefc. 3 f. sg.	to meet, encounter, go to meet	
127378	ġlmm	ġlmm	ġlm/m	ġlm	n. m. abs. nom.	1) boy	
# KTU 1.3 II:5							
127379	b	b	b	b	prep.	in	
127380	št	št	št(I)/	št (I)	n. m. sg. cstr. gen.	base	
127381	ġr	ġr	ġr(I)/	ġr (I)	n. m. sg. abs. gen.	mountain	
127382	w	w	w	w	conj.	and	
127383	hln	hln	hl~n	hln	deictic adv. functor	look!	
127384	ˤnt	ʿnt	ˤnt(I)/	ʕnt (I)	DN f. sg. abs. nom.	ʿAnatu/Anat	
127385	tm	tm	!t!m]t]ḫṣ[	/m-ḫ-ṣ/	vb Gt prefc. 3 f. sg.	to wound, beat, crush, kill	MERGE WITH THE NEXT: tm+tḫṣ = tmtḫṣ 'she fights'.
# KTU 1.3 II:6							
127386	tḫṣ	tḫṣ	!t!m]t]ḫṣ[	/m-ḫ-ṣ/	vb Gt prefc. 3 f. sg.	to wound, beat, crush, kill	MERGE WITH THE PREVIOUS.
127387	b	b	b	b	prep.	1) spatial location a) place in which something occurs	
127388	ˤmq	ʿmq	ˤmq(I)/	ʕmq (I)	n. m. sg. abs. gen.	1) valley a) w hln tmtḫṣ b ʕmq and then DN fought in the valley	
127389	tḫtṣb	tḫtṣb	!t!ḫ]t]ṣb[	/ḫ-ṣ-b/	vb Gt prefc. 3 f. sg.	to fight	tḫtṣb 'she does battle'.
127390	bnx	bnx	bn(II)	bn (II)	prep.	between, among	bnx: bn + broken sign (Tania bn+x).
# KTU 1.3 II:7							
127391	qrytm	qrytm	qry(t/tm	qryt	n. f. pl. abs. gen.	city	dual of qryt
127392	tmḫṣ	tmḫṣ	!t!mḫṣ[	/m-ḫ-ṣ/	vb G prefc. 3 f. sg.	to wound, beat, crush, kill	
127393	lim	lim	lim(I)/	lỉm (I)	n. m. sg. cstr. nom.	people	
127394	ḫp	ḫp	ḫp(I)/	ḫp (I)	n. m. sg. cstr. gen.	shore	
127395	ym	ym	ym(II)/	ym (II)	n. m. sg. abs. gen.	1) sea	
# KTU 1.3 II:8							
127396	tṣmt	tṣmt	!t!ṣmt[:d	/ṣ-m-t/	vb D prefc. 3 f. sg.	to destroy, wipe out, defeat	line 8
127397	adm	adm	adm(I)/	ảdm (I)	n. m. sg. abs. nom.	2) man	people parallel to lim
127398	ṣat	ṣat	!!(yṣ(ʔ&a[(t/t	/y-ṣ-ʔ/	vb G inf.	to go out	infinitive with a feminine ending
127399	špš	špš	špš/	špš	n. f. sg. abs. nom.	1) sun	
# KTU 1.3 II:9							
127400	tḥth	tḥth	tḥt(I)/+h=	tḥt (I)	prep.	2) at the feet of	is = here the sign of
127401	k	k	k	k (I)	prep.	like	
127402	kdrt	kdrt	kdrt/	kdrt	n. f. pl. cstr. gen.	ball	
127403	riš	riš	riš/	rỉš (I)	n. m. sg. abs. gen.	1) head	
# KTU 1.3 II:10							
127404	ˤlh	ʿlh	ˤl(I)/+h=	ʕl (I)	prep.	1) spatial location or pre-eminence a) upon	
127405	k	k	k	k (I)	prep.	like	
127406	irbym	irbym	irby/m	ỉrby	n. m. pl. cstr. gen.	locust	
127407	kp	kp	kp/	kp	n. f. sg. abs. gen.	1) palm (of hand)	
127408	k	k	k	k (I)	prep.	like	
127409	qṣm	qṣm	qṣm/	qṣm	n. m. sg. cstr. gen.	grasshopper(s)	
# KTU 1.3 II:11							
127410	ġrmn	ġrmn	ġrm/~n	ġrm	n. m. cstr. gen.	heap	
127411	kp	kp	kp/	kp	n. f. sg. abs. nom.	palm (of the hand)	
127412	mhr	mhr	mhr(I)	mhr (I)	n. m. sg. abs. nom.	1) warrior (trained, expert)	
127413	ˤtkt	ʿtkt	ˤtk[t	/ʕ-t-k/	vb G suffc. 3 f. sg.	to tie, fasten, bind	
# KTU 1.3 II:12							
127414	rišt	rišt	riš/t=	rỉš (I)	n. f. sg. abs. nom.	1) head	
127415	l	l	l	l (I)	prep.	to	
127416	bmth	bmth	bmt/+h=	bmt	n. f. sg. cstr. gen.	1) back	
127417	šnst	šnst	šns[t:d	/š-n-s/	vb D suffc. 3 f. sg.	to gird (oneself)	
127418	kx	kx	kx	?	?	?	?
# KTU 1.3 II:13							
127419	kpt	kpt	kp/t	kp	n. f. sg. abs. nom.	1) palm (of hand)	
127420	b	b	b	b	prep.	1) spatial location a) place in which something occurs	
127421	ḥbšh	ḥbšh	ḥbš/+h=	ḥbš (I)	n. m. cstr. gen.	2) waist	
127422	brkm	brkm	brk/m	brk	n. f. pl. abs. nom.	knee	noun in dual
127423	tġll	tġll	!t!ġll[:d	/ġ-l-l/	vb D prefc. 3 f. sg.	to insert	probably L
# KTU 1.3 II:14							
127424	b	b	b	b	prep.	1) spatial location c) goal of movement or action	
127425	dm	dm	dm(II)/	dm (II)	n. m. sg. cstr. gen.	blood	
127426	ḏmr	ḏmr	ḏmr/	ḏmr (I)	n. m. sg. cstr. gen.	guardian	
127427	ḥlqm	ḥlqm	ḥlq/m	ḥlq	n. m. pl. abs. gen.	part	plural or dual
127428	b	b	b	b	prep.	1) spatial location c) goal of movement or action	
127429	mmˤ	mmʿ	mmˤ/	mmʕ	n. m. pl. cstr. gen.	gore	
# KTU 1.3 II:15							
127430	mhrm	mhrm	mhr(I)/m	mhr (I)	n. m. pl. cstr. gen.	1) warrior (trained, expert)	
127431	mṭm	mṭm	mṭ/~m(I)	mṭ	n. m. pl. abs. gen.	rod	line 15
127432	tgrš	tgrš	!t!grš[:d	/g-r-š/	vb D prefc. 3 f. sg.	to eject, drive out, evict, cast out	
# KTU 1.3 II:16							
127433	šbm	šbm	šb/m	šb	n. m. pl. abs. nom.	old man	
127434	b	b	b	b	prep.	in	
127435	ksl	ksl	ksl/	ksl	n. f. sg. cstr. gen.	2) tendon > sinew	
127436	qšth	qšth	qšt/+h	qšt	n. m. cstr. gen.	1) bow c) in lit. texts	technically t is a feminine noun
127437	mdnt	mdnt	mdn(t/t=	mdnt	n. f. sg. abs. nom.	city	cities
# KTU 1.3 II:17							
127438	w	w	w	w	conj.	and	
127439	hln	hln	hl~n	hln	deictic adv. functor	look!	
127440	ˤnt	ʿnt	ˤnt(I)/	ʕnt (I)	DN f. sg. abs. nom.	ʿAnatu/Anat	
127441	l	l	l	l (I)	prep.	to	
127442	bth	bth	bt(II)/+h=	bt (II)	n. m. sg. cstr. gen.	house	
127443	tmġyn	tmġyn	!t!mġy[~n	/m-ġ-y/	vb G prefc.	to come, arrive	can only be energic
# KTU 1.3 II:18							
127444	tštql	tštql	!t!]š]]t]ql[	/q-l/	vb Št prefc. 3 f. sg.	to fall (down)	
127445	ilt	ilt	ilt(I)/	ỉlt (I)	n. f. sg. abs. nom.	1) goddess a) as a category/class	
127446	l	l	l	l (I)	prep.	to	
127447	hklh	hklh	hkl/+h=	hkl	n. m. cstr. gen.	palace	
# KTU 1.3 II:19							
127448	w	w	w	w	conj.	and	
127449	l	l	l(II)	l (II)	adv.	no	
127450	šbˤt	šbʿt	šbˤ(II)[t	/š-b-ʕ/ (II)	vb G suffc. 3 f. sg.	to be sated, glutted	w l šbˤt 'and until she is sated'.
127451	tmtḫṣh	tmtḫṣh	!!tm]t]ḫṣ[/+h=	tmtḫṣ	n. m. sg. cstr. nom.	fight	this is infinite Gt or verbal noun, the first t is a nominal prefix
127452	b	b	b	b	prep.	in	
127453	ˤmq	ʿmq	ˤmq(I)/	ʕmq (I)	n. m. sg. cstr. gen.	valley	
# KTU 1.3 II:20							
127454	tḫtṣb	tḫtṣb	!!tḫ]t]ṣb[/	tḫtṣb	n. m. sg. abs. gen.	battle	infinite Gt or verbal noun, the first t is a nominal prefix
127455	bn	bn	bn(II)	bn (II)	prep.	between, among	
127456	qrtm	qrtm	qrt(I)/m	qrt (I)	n. f. pl. abs. gen.	1) city	dual
127457	tṯˤr	tṯʿr	!t!ṯˤr[	/ṯ-ʕ-r/	vb G prefc. 3 f. sg.	to prepare (the table)	
# KTU 1.3 II:21							
127458	ksat	ksat	ks(u&a/t=	ks/śủ	n. f. pl. abs. nom.	seat	
127459	l	l	l	l (I)	prep.	to	
127460	mhr	mhr	mhr(I)/	mhr (I)	n. m. sg. abs. gen.	1) warrior (trained, expert)	
127461	ṯˤr	ṯʿr	!!ṯˤr[/	/ṯ-ʕ-r/	vb G inf.	to prepare (the table)	or infinitive or a mistake for !t!ṯˤr[
127462	ṯlḥnt	ṯlḥnt	ṯlḥn/t	ṯlḥn	n. f. sg. abs. nom.	table	plural
# KTU 1.3 II:22							
127463	l	l	l	l (I)	prep.	to	
127464	ṣbim	ṣbim	ṣb(u&i/m	ṣbủ (I)	n. m. pl. cstr. gen.	1) army	
127465	hdmm	hdmm	hdm/m	hdm	n. m. pl. abs. gen.	footstool	plural
127466	l	l	l	l (I)	prep.	to	
127467	ġzrm	ġzrm	ġzr/m	ġzr	n. m. pl. cstr. gen.	3) champion	
# KTU 1.3 II:23							
127468	mid	mid	mid/	mỉ/ủd	n. m. sg. abs. gen.	2) abundantly	
127469	tmtḫṣn	tmtḫṣn	!t!m]t]ḫṣ[~n	/m-ḫ-ṣ/	vb Gt prefc. 3 f. sg.	to fight	suffix n energic
127470	w	w	w	w	conj.	and	
127471	tˤn	tʿn	!t!ˤn[	/ʕ-n/	vb G prefc.	to see, look (at), watch, spy	
# KTU 1.3 II:24							
127472	tḫtṣb	tḫtṣb	!t!ḫ]t]ṣb[	/ḫ-ṣ-b/	vb Gt prefc. 3 f. sg.	to fight	tḫtṣb 'she does battle'.
127473	w	w	w	w	conj.	and	
127474	tḥdy	tḥdy	!t!ḥdy[	/ḥ-d-y/	vb G prefc. 3 f. sg.	to see, look, observe	
127475	ˤnt	ʿnt	ˤnt(I)/	ʕnt (I)	DN f. sg. abs. nom.	ʿAnatu/Anat	
# KTU 1.3 II:25							
127476	tdġdd	tdġdd	!t!&dġdd[:d	/ġ-d-d/	vb D prefc. 3 f. sg.	to swell	typo remove first d
127477	kbdh	kbdh	kbd(I)/+h=	kbd (I)		2) innards	
127478	b	b	b	b	prep.	3) relationship of cause or reason	
127479	ṣḥq	ṣḥq	ṣḥq/	ṣḥq	n. m. sg. abs. gen.	laughter	
127480	ymlu	ymlu	!y!ml(ʔ[&u	/m-l-ʔ/	vb G prefc. 3 m. sg.	to be full	the final vowel is a tense ending
# KTU 1.3 II:26							
127481	lbh	lbh	lb/+h=	lb	n. m. cstr. nom.	heart	
127482	b	b	b	b	prep.	in	
127483	šmḫt	šmḫt	šmḫt/	šmḫt	n. f. sg. cstr. gen.	joy	
127484	kbd	kbd	kbd(I)/	kbd (I)	n. m. sg. cstr. gen.	liver	
127485	ˤnt	ʿnt	ˤnt(I)/	ʕnt (I)	DN f. sg. cstr. gen.	ʿAnatu/Anat	
# KTU 1.3 II:27							
127486	tšyt	tšyt	tšyt/	tšyt	n. f. sg. abs. gen.	triumph	
127487	k	k	k	k (III)	Subordinating or completive functor	when	
127488	brkm	brkm	brk/m	brk	n. f. du. abs. gen.	knee	k brkm 'up to the knees'.
127489	tġll	tġll	!t!ġll[:d	/ġ-l-l/	vb D prefc. 3 f. sg.	to insert, plunge	
127490	b	b	b	b	prep.	in	
127491	dm	dm	dm(II)	dm (II)	n. m. sg. abs. gen.	blood	
# KTU 1.3 II:28							
127492	ḏxxmr	ḏxxmr	ḏxxmr	?	?	?	
127493	ḥlqm	ḥlqm	ḥlq/m	ḥlq	n. m. pl. abs. nom.	part	
127494	b	b	b	b	prep.	in	
127495	mmˤ	mmʿ	mmˤ/	mmʕ	n. m. pl. cstr. gen.	gore	
127496	mhrm	mhrm	mhr/m	mhr (I)	n. m. pl. cstr. gen.	warrior (trained, expert)	
# KTU 1.3 II:29							
127497	ˤd	ʿd	ˤd(I)	ʕd (I)	n. m. sg. abs. gen.	up to, until; close to, around	
127498	tšbˤ	tšbʿ	!t!šbˤ(II)[	/š-b-ʕ/ (II)	vb G prefc. 3 f. sg.	1) to be sated	
127499	tmtḫṣ	tmtḫṣ	!t!m]t]ḫṣ[	/m-ḫ-ṣ/	vb Gt prefc. 3 f. sg.	to fight	
127500	b	b	b	b	prep.	in	
127501	bt	bt	bt(II)/	bt (II)	n. m. sg. abs. gen.	1) house	
# KTU 1.3 II:30							
127502	tḫtṣb	tḫtṣb	!t!ḫ]t]ṣb[	/ḫ-ṣ-b/	vb Gt prefc. 3 f. sg.	to fight	tḫtṣb 'she does battle'.
127503	bn	bn	bn(II)	bn (II)	prep.	between	
127504	ṯlḥnm	ṯlḥnm	ṯlḥn/m	ṯlḥn	n. m. pl. abs. gen.	table	
127505	ymḥ	ymḥ	!y!mḥ(y[:pass	/m-ḥ(-w:y)/	vb G pass. prefc. 3 m. sg.	to be cleaned up	
# KTU 1.3 II:31							
127506	b	b	b	b	prep.	1) spatial location d) origin of a quality or process	
127507	bt	bt	bt(II)/	bt (II)	n. m. sg. cstr. gen.	1) house	
127508	dm	dm	dm(II)	dm (II)	n. m. sg. cstr. gen.	blood	
127509	ḏmr	ḏmr	ḏmr(I)/	ḏmr (I)	n. m. sg. abs. gen.	guardian	
127510	yṣq	yṣq	!y!(yṣq[:pass	/y-ṣ-q/	vb G prefc. 3 m. sg.	to pour (out), serve	
127511	šmn	šmn	šmn(I)/	šmn (I)	n. m. sg. abs. nom.	1) oil a) oil (prob. olive oil)	
# KTU 1.3 II:32							
127512	šlm	šlm	šlm(I)/	šlm (III)	adj. m. sg. abs. nom.	pure	
127513	b	b	b	b	prep.	1) spatial location c) goal of movement or action	
127514	ṣˤ	ṣʿ	ṣˤ(I)/	ṣʕ (I)	n. m. sg. abs. gen.	plate / wide bowl / platter	1.3 II 32
127515	trḥṣ	trḥṣ	!t!rḥṣ[	/r-ḥ-ṣ/	vb G prefc. 3 f. sg.	to wash	G
127516	ydh	ydh	yd(I)/+h=	yd (I)	n. f. cstr. nom.	1) hand a) yrḥṣ ydh ảmth he washed his hands up to the elbow	
127517	bt	bt	btlt/	btlt	n. f. sg. cstr. nom.	virgin	MERGE WITH THE NEXT: bt+lt = btlt 'Maiden' (btlt ˤnt).
# KTU 1.3 II:33							
127518	lt	lt	btlt/	btlt	n. f. sg. cstr. nom.	virgin	MERGE WITH THE PREVIOUS.
127519	ˤnt	ʿnt	ˤnt(I)/	ʕnt (I)	DN f. sg. cstr. nom.	ʿAnatu/Anat	
127520	uṣbˤth	uṣbʿth	uṣbˤ(t/t=+h=	ủṣbʕ	n. f. pl. cstr. + 3 m. sg. suff.	finger; claw	
127521	ybmt	ybmt	ybmt/	ybmt	n. f. sg. cstr. gen.	widow sister-in-law	
127522	limm	limm	lim(I)/m	lỉm (I)	n. m. pl. abs. gen.	people	
# KTU 1.3 II:34							
127523	trḥṣ	trḥṣ	!t!rḥṣ[	/r-ḥ-ṣ/	vb G prefc. 3 m. pl.	to wash	
127524	ydh	ydh	yd(I)/+h	yd (I)	n. f. cstr. nom.	hand	
127525	b	b	b	b	prep.	1) spatial location d) origin of a quality or process	
127526	dm	dm	dm(II)/	dm (II)	n. m. sg. cstr. gen.	blood	
127527	ḏmr	ḏmr	ḏmr/	ḏmr (I)	n. m. pl. cstr. gen.	guardian	dm ḏmr 'blood of warriors'.
# KTU 1.3 II:35							
127528	uṣbˤth	uṣbʿth	uṣbˤ(t/t=+h=	ủṣbʕ	n. f. pl. cstr. + 3 m. sg. suff.	finger; claw	
127529	b	b	b	b	prep.	in	
127530	mmˤ	mmʿ	mmˤ/	mmʕ	n. m. pl. cstr. gen.	gore	
127531	mhrm	mhrm	mhr(I)/m	mhr (I)	n. m. pl. abs. gen.	warrior (trained, expert)	
# KTU 1.3 II:36							
127532	ṯˤr	ṯʿr	!!ṯˤr[/	/ṯ-ʕ-r/	vb G inf.	to prepare (the table)	
127533	ksat	ksat	ks(u&a(t/t=	ks/śủ	n. f. pl. abs. nom.	seat	
127534	l	l	l(I)	l (I)	prep.	to	
127535	ksat	ksat	ks(u&a(t/t=	ks/śủ	n. f. pl. cstr. gen.	seat	
127536	ṯlḥnt	ṯlḥnt	ṯlḥn/t=	ṯlḥn	n. f. sg. abs. gen.	table	
# KTU 1.3 II:37							
127537	l	l	l(I)	l (I)	prep.	to	
127538	ṯlḥnt	ṯlḥnt	ṯlḥn/t	ṯlḥn	n. m. sg. cstr. gen.	table	ṯlḥnt 'table' (Tania ṯlḥ<t>).
127539	hdmm	hdmm	hdm/m	hdm	n. m. pl. abs. gen.	footstool	
127540	tṯar	tṯar	!t!ṯar[	/ṯ-ʔ-r/	vb G prefc. 3 f. sg.	to stand surety for	
127541	l	l	l(I)	l (I)	prep.	to	
127542	hdmm	hdmm	hdm/m	hdm	n. m. pl. abs. gen.	footstool	
# KTU 1.3 II:38							
127543	tḥspn	tḥspn	!t!ḥsp[~n	/ḥ-s-p/	vb G prefc.	to draw, collect water	G
127544	mh	mh	mh/	mh/y	n. m. sg. abs. nom.	water	
127545	w	w	w	w	conj.	and	
127546	trḥṣ	trḥṣ	!t!rḥṣ[	/r-ḥ-ṣ/	vb G prefc. 3 f. sg.	to wash	
# KTU 1.3 II:39							
127547	ṭl	ṭl	ṭl/	ṭl	n. m. sg. cstr. nom.	dew	
127548	šmm	šmm	šm(m(I)/m	šmm (I)	n. m. pl. cstr. gen.	heavens	the ending is plural?
127549	šmn	šmn	šmn(I)/	šmn (I)	n. m. sg. cstr. gen.	1) oil a) oil (prob. olive oil)	
127550	arṣ	arṣ	arṣ/	ảrṣ	n. f. sg. abs. gen.	3) lower world	
127551	rbb	rbb	rbb/	?	?	?	rb and rbb are variants
# KTU 1.3 II:40							
127552	rkb	rkb	rkb(I)/[	rkb (I)	n. m. sg. cstr. gen.	Charioteer	this is an active participle in nominal function, should it be rkb(I)/[
127553	ˤrpt	ʿrpt	ˤrp(t/t=	ʕrpt	n. f. sg. cstr. gen.	cloud(s)	
127554	ṭl	ṭl	ṭl/	ṭl	n. m. sg. cstr. gen.	dew	
127555	šmm	šmm	šm(m(I)/m	šmm (I)	n. m. pl. abs. gen.	heavens	
127556	tskh	tskh	!t!(nsk[+h=	/n-s-k/	vb G prefc.	to pour (out)	correc lexeme G skn?
# KTU 1.3 II:41							
127557	rbb	rbb	rbb/	?	?	?	
127558	nskh	nskh	nsk[+h	/n-s-k/	vb G suffc. 3 m. sg.	to pour (out)	
127559	kbkbm	kbkbm	kbkb/m	kbkb	n. m. pl. abs. nom.	heavenly body	
# KTU 1.3 III:1							
127560	ttpp	ttpp	!t!(n]t]pp[	/n-p(-p)/	vb Gt prefc.	to sprinkle oneself, anoint oneself	1.3 III
127561	anhbm	anhbm 	anhb/m	ảnhb	n. m. pl. abs. nom.	ein Stein	
127562	d	 d 	d	d	det. or rel. functor	the one(s) of	
127563	alp	alp 	alp(II)/	ảlp (II)	n. m. sg. cstr. nom.	(one, a) thousand	
127564	šd	 šd	šd(I)/	šd (I)	n. m. sg. cstr. gen.	open field	
# KTU 1.3 III:2							
127565	ẓuh	ẓuh	ẓu/+h=	ẓủ	n. m. sg. cstr. gen.	exhalation	
127566	b	b	b	b	prep.	in	
127567	ymxxxxxx	ym xxxxxx	ym(II)/	ym (II)	n. m. sg. abs. gen.	sea	
# KTU 1.3 III:3							
127568	xxxrn	xxxrn	xxxrn	?	?	?	
127569	lxxxxxx	lxxxxxx	lxxxxxx	?	?	?	
# KTU 1.3 III:4							
127570	xxxxxxxxxxn	xxxxxxxxxxn	xxxxxxxxxxn	?	?	?	
127571	tšt	tšt	!t!št[	/š-t/	vb G prefc.	to place, set, set up, leave	
127572	rimt	rimt	rimt/	rỉmt	n. f. sg. abs. nom.	zither	
# KTU 1.3 III:5							
127573	l	l	l(I)	l (I)	prep.	to	
127574	irth	irth	irt/+h=	ỉrt	n. f. sg. cstr. gen.	1) breast a) breast	
127575	tšr	tšr	!t!šr(I)[	/š-r/ (I)	vb G prefc.	1) to sing	
127576	l	l	l(I)	l (I)	prep.	to	
127577	dd	dd	dd(I)/	dd (I)	n. m. sg. abs. gen.	love	
127578	aliyn	aliyn	aliyn/	ảlỉyn	adj. m. sg. abs. nom.	The Very / Most Powerful	
# KTU 1.3 III:6							
127579	bˤl	bʿl	bˤl(III)	bʕl (II)	DN m. sg. cstr. nom.	Baʿlu/Baal	
127580	yd	yd	yd(II)/	yd (II)	n. m. sg. cstr. gen.	love	
127581	pdry	pdry	pdry/	pdry	DN sg. cstr. gen.	Pidray	
127582	bt	bt	bt(I)/	bt (I)	n. f. sg. cstr. gen.	daughter	so we don't connect fem b(n(t/t with bn/?
127583	ar	ar	ar/	ả/ỉr	n. m. sg. cstr. gen.	light	
# KTU 1.3 III:7							
127584	ahbt	ahbt	ahbt/	ảhbt	n. f. sg. cstr. gen.	love	
127585	ṭly	ṭly	ṭly/	ṭly	DN sg. cstr. gen.	Tallay	
127586	bt	bt	bt(I)/	bt (I)	n. f. sg. cstr. gen.	daughter	so we don't connect fem b(n(t/t with bn/?
127587	rb	rb	rb(b/	rb(b)	n. m. sg. cstr. gen.	drizzle	ṭly bt rb 'Tallay daughter of Drizzle' (rb(b), not rb 'chief').
127588	dd	dd	dd(I)/	dd (I)	n. m. sg. cstr. gen.	love	
127589	arṣy	arṣy	arṣy/	ảrṣy	DN sg. cstr. gen.	Arṣay/Arsay	
# KTU 1.3 III:8							
127590	bt	bt	bt(I)/	bt (I)	n. f. sg. cstr. gen.	daughter	so we don't connect fem b(n(t/t with bn/?
127591	yˤbdr	yʿbdr	yˤbdr/	yʕbdr	DN sg. abs. gen.	Yaʿibdarru/'(Daughter) of the Wide World'/attribute of ảrṣy, daughter of the god bʕl (etym. unc.)	
127592	km	km	km	km	prep./conj./adv.	like	
127593	ġlmm	ġlmm	ġlm/m=	ġlm	n. m. abs. gen.	1) boy	
# KTU 1.3 III:9							
127594	w	w	w	w	conj.	and	
127595	ˤrbn	ʿrbn	!!ˤrb[~n(I)	/ʕ-r-b/ (I)	vb G impv. 2	1) to enter	lengthened imperative
127596	l	l	l(I)	l (I)	prep.	to	
127597	pˤn	pʿn	pˤn/	pʕn	n. f. cstr. gen.	at the feet of	
127598	ˤnt	ʿnt	ˤnt(I)/	ʕnt (I)	DN f. sg. abs. gen.	ʿAnatu/Anat	
127599	hbr	hbr	!!hbr[	/h-b-r/	vb G impv. 2	to bow	
127600	w	w	w	w	conj.	and	DOUBLE REMOVE ONE w??
# KTU 1.3 III:10							
127601	w	w	w	w	conj.	and	
127602	ql	ql	!!ql[	/q-l/	vb G suffc. 3 m. sg.	to fall (down)	
127603	tštḥwy	tštḥwy	!t!]š]]t]ḥwy(II)[	/ḥ-w-y/ (II)	vb Št prefc.	1) to prostrate oneself	Št stem; ]Š] and ]t] are marked as two different morphemes
127604	kbd	kbd	!!kbd[:d	/k-b-d/	vb D impv. 2	to honour	
127605	hyt	hyt	hy&t	hy	pers. pn.	1) she	hyt is an oblique form of the pronoun hy 'she'
# KTU 1.3 III:11							
127606	w	w	w	w	conj.	and	
127607	rgm	rgm	!!rgm[	/r-g-m/	vb G impv. 2	to say, tell, announce, communicate, inform	
127608	l	l	l(I)	l (I)	prep.	to	
127609	btlt	btlt	btlt/	btlt	n. f. sg. cstr. gen.	virgin	
127610	ˤnt	ʿnt	ˤnt(I)/	ʕnt (I)	DN f. sg. abs. gen.	ʿAnatu/Anat	
# KTU 1.3 III:12							
127611	ṯny	ṯny	!!ṯny[	/ṯ-n-y/	vb G suffc. 3 m. sg.	to repeat, reiterate	
127612	l	l	l(I)	l (I)	prep.	to	
127613	ymmt	ymmt	ymmt/	ybmt	n. f. sg. cstr. gen.	widow sister-in-law	
127614	limm	limm	lim(I)/m	lỉm (I)	n. m. pl. cstr. gen.	people	
# KTU 1.3 III:13							
127615	tḥm	tḥm	tḥm/	tḥm	n. m. sg. abs. gen.	message	
127616	aliyn	aliyn	aliyn/	ảlỉyn	adj. m. sg. abs. nom.	The Very / Most Powerful	
127617	bˤl	bʿl	bˤl(III)/	bʕl (II)	DN m. sg. cstr. nom.	Baʿlu/Baal	
127618	hwt	hwt	hwt(I)/	hwt (I)	n. f. sg. abs. gen.	word	
127619	xx	xx	xx	?	?	?	
# KTU 1.3 III:14							
127620	aliy	aliy	aliy/	ảlỉy	adj. m. sg. cstr. nom.	The Most Powerful	
127621	qrdm	qrdm	qrd(I)/m	qrd (I)	n. m. pl. abs. nom.	hero	
127622	qryy	qryy	!!qry[~y	/q-r-y/	vb G impv. 2	to meet, encounter, go to meet	imp
127623	b	b	b	b	prep.	in	
127624	arṣ	arṣ	arṣ/	ảrṣ	n. f. sg. cstr. gen.	2) the world	
# KTU 1.3 III:15							
127625	mlḥmt	mlḥmt	mlḥmt/	mlḥmt	n. f. sg. abs. gen.	war	
127626	št	št	!!št[	/š-t/	vb G suffc. 3 m. sg.	to place, set, set up, leave	
127627	b	b	b	b	prep.	in	
127628	ˤprm	ʿprm	ˤpr(I)/m	ʕpr (I)	n. m. pl. cstr. gen.	3) steppe	
127629	ddym	ddym	ddy/m	ddym	n. m. pl. abs. gen.	harmony	plur tantum; should we still mark plural ending?
# KTU 1.3 III:16							
127630	sk	sk	!!(nsk[	/n-s-k/	vb G impv. m. sg.	to pour (out), spill	sk šlm 'pour peace!'.
127631	šlm	šlm	šlm(I)/	šlm (I)	n. m. sg. abs. gen.	1) peace a) sk šlm l kbd ảrṣ pour out peace into the bosom of the earth	
127632	l	l	l(I)	l (I)	prep.	to	
127633	kbd	kbd	kbd(I)/	kbd (I)	n. cstr. gen.	within	
127634	arṣ	arṣ	arṣ/	ảrṣ	n. f. sg. cstr. gen.	3) lower world	
# KTU 1.3 III:17							
127635	arbdd	arbdd	arbdd/	ảrbdd	n. m. sg. abs. gen.	rest	
127636	l	l	l(I)	l (I)	prep.	to	
127637	kbd	kbd	kbd(I)/	kbd (I)	n. cstr. gen.	within	
127638	šdm	šdm	šd(I)/m	šd (I)	n. m. pl. abs. gen.	1) open field	
# KTU 1.3 III:18							
127639	ḥšk	ḥšk	!!ḥš(I)[/+k	/ḥ-š/ (I)	vb G inf. + 2 m. sg. suff.	to hurry, make haste	Smith-Pitard: three infinitives.
127639	ḥšk	ḥšk	!!ḥšk[	/ḥ-š-k/	vb G impv. m. sg.	to seize, grasp	DULAT: 'grasp your staff (and) your mace' (1.3 III:18).
127640	ˤṣk	ʿṣk	!!ˤṣ[/+k	/ʕ-s-y:s/	vb G inf. + 2 m. sg. suff.	?	Smith-Pitard: infinitive (DULAT /ʕ-s-y:s/ '?').
127640	ˤṣk	ʿṣk	ˤṣ/+k	ʕṣ	n. m. sg. cstr. acc. + 2 m. sg. suff.	tree, plant, (vine-)stock	DULAT: 'your staff'.
127641	ˤbṣk	ʿbṣk	!!ˤbṣ[/+k	?	vb G inf. + 2 m. sg. suff.	?	Smith-Pitard: infinitive; no DULAT verbal root (cf. ʕbṣ (I) n. 'mace').
127641	ˤbṣk	ʿbṣk	ˤbṣ(I)/+k	ʕbṣ (I)	n. m. sg. cstr. acc. + 2 m. sg. suff.	mace	DULAT: 'your mace'.
# KTU 1.3 III:19							
127642	ˤmy	ʿmy	ˤm+y	ʕm (I)	prep.	1) relationship of direction (space and time)	
127643	pˤnk	pʿnk	pˤn/+k	pʕn	n. f. cstr. nom.	1) foot a) tdʕṣ pʕnm she pressed (?) (her) feet (down)	
127644	tlsmn	tlsmn	!t!lsm[n	/l-s-m/	vb G prefc.	to run, hurry	
127645	ˤmy	ʿmy	ˤm(I)+y	ʕm (I)	prep.	1) relationship of direction (space and time)	IS LINE 19 FROM SMITH MISSING HERE?? Smith p202
# KTU 1.3 III:20							
127646	twtḥ	twtḥ	!t!w]t]ḥ(y[	/w-ḥ-y/	vb Gt prefc. 3 m. du.	to hasten	lex: wḥy Gt, waw seems to be doubled
127647	išdk	išdk	išd/+k	ỉšd	n. m. du. cstr. nom.	leg	
127648	dm	dm	d~m(I)	dm (I)	functor	since	
127649	rgm	rgm	rgm/	rgm	n. m. sg. cstr. nom.	2) matter	
# KTU 1.3 III:21							
127650	iṯ	iṯ	iṯ(I)/	ỉṯ (I)	n. m. sg. abs. gen.	2) to have	
127651	ly	ly	l(I)+y	l (I)	prep.	7) of belonging ((not) being of, (not) having) b) with vb functor	
127652	w	w	w	w	conj.	and	
127653	argmk	argmk	!a!rgm[+k	/r-g-m/	vb G prefc. 1 c. sg.	to say	
127654	xx	xx	xx	?	?	?	
# KTU 1.3 III:22							
127655	hwt	hwt	hwt(I)/	hwt (I)	n. f. sg. abs. nom.	word	
127656	w	w	w	w	conj.	and	
127657	aṯnyk	aṯnyk	!a!ṯny[+k	/ṯ-n-y/	vb G prefc. 1 c. sg.	to repeat, reiterate	
127658	rgm	rgm	rgm/	rgm	n. m. sg. cstr. nom.	2) matter	
# KTU 1.3 III:23							
127659	ˤṣ	ʿṣ	ˤṣ/	ʕṣ	n. m. sg. abs. gen.	2) beam	
127660	w	w	w	w	conj.	1) copulative conj.	
127661	lḫšt	lḫšt	lḫšt/	lḫšt	n. f. sg. cstr. nom.	chatter	
127662	abn	abn	abn/	ảbn	n. f. sg. abs. gen.	1) stone a) k ảbnm l tỉggn like stones which do /do not/ murmur	
127663	ˤ	ʿ	ˤ	?	?	?	WHAT IS TIS? error to be erazed
# KTU 1.3 III:24							
127664	tant	tant	tan(t/t	?	?	?	there is a variant tunt
127665	šmm	šmm	šm(m(I)/m	šmm (I)	n. m. pl. abs. nom.	1) heavens	
127666	ˤm	ʿm	ˤm(I)	ʕm (I)	prep.	to	
127667	arṣ	arṣ	arṣ/	ảrṣ	n. f. sg. cstr. gen.	3) lower world	
# KTU 1.3 III:25							
127668	thmt	thmt	thmt/	thmt	n. f. sg. abs. gen.	Primordial Ocean	
127669	ˤmn	ʿmn	ˤm~n(II)	ʕm (I)	prep.	to	actually ˤmn(II) is just ˤm(I)~n
127670	kbkbm	kbkbm	kbkb/m	kbkb	n. m. pl. abs. gen.	1) heavenly body	
# KTU 1.3 III:26							
127671	abn	abn	!(ʔ&a!bn[	/b-n/	vb G prefc. 1 c. sg.	to understand	this is a noun although Gabrini: 'I undestand of lightening' !a!bn[
127672	brq	brq	brq(I)/	brq (I)	n. m. sg. abs. nom.	ray	
127673	d	d	d	d	det. or rel. functor	the one(s) of	
127674	l	l	l(II)	l (II)	adv.	no	
127675	tdˤ	tdʿ	!t!(ydˤ(I)[	/y-d-ʕ/ (I)	vb G prefc. 3 m. pl.	1) to know	
127676	šmm	šmm	šm(m(I)/m	šmm (I)	n. m. pl. cstr. nom.	1) heavens	
# KTU 1.3 III:27							
127677	rgm	rgm	rgm/	rgm	n. m. sg. abs. nom.	word	rgm l tdˤ nšm 'a word people do not know'.
127678	l	l	l(II)	l (I)	prep.	to	
127679	tdˤ	tdʿ	!t!(ydˤ(I)[	/y-d-ʕ/ (I)	vb G prefc. 3 m. pl.	to know	
127680	nšm	nšm	nšm/	nšm	n. m. pl. abs. nom.	people	
127681	wl	wl	w-l(II)	w; l (II)	conj.; neg. adv.	and; no, not	SPLIT IN TWO WORDS!!
127682	tbn	tbn	!t!bn[	/b-n/	vb G prefc.	to understand	
# KTU 1.3 III:28							
127683	hmlt	hmlt	hmlt/	hmlt	n. f. pl. cstr. nom.	multitude	
127684	arṣ	arṣ	arṣ/	ảrṣ	n. f. sg. abs. gen.	2) the world	
127685	atm	atm	!!at(w[~m(II)	/ʔ-t-w/	vb G prefc.	to come, go	atm w ank: Tania reads /ʔ-t-w/ 'come' + encl. -m (debated; cf. pron. 'you').
127686	w	w	w	w	conj.	3) in the correlation protasis-apodosis	
127687	ank	ank	ank	ảnk	pers. pn.	1) i b) emph. subj. in VC	
# KTU 1.3 III:29							
127688	ibġyh	ibġyh	!(ʔ&i!bġy[+h	/b-ġ-y/	vb G prefc. 1 c. sg.	to reveal, show	maybe :d
127689	b	b	b	b	prep.	in	
127690	tk	tk	tk/	tk	n. m. cstr. gen.	1) in	
127691	ġry	ġry	ġr(I)/+y	ġr (I)	n. m. cstr. gen.	mountain	or ~y
127692	il	il	il(I)	ỉl (I)	DN m. sg. cstr. nom.	ʾIlu/Ilu/El	
127693	ṣpn	ṣpn	ṣpn/	ṣpn	TN/DN sg. abs. nom.	Ṣapānu/Zaphon/the mountain dwelling of bʕl deified	
# KTU 1.3 III:30							
127694	b	b	b	b	prep.	in	
127695	qdš	qdš	qdš(II)/	qdš (II)	n. m. sg. abs. gen.	sanctuary	IS THIS (I) ADJ OR (II) NOUN?
127696	b	b	b	b	prep.	in	
127697	ġr	ġr	ġr(I)/	ġr (I)	n. m. sg. cstr. gen.	mountain	
127698	nḥlty	nḥlty	nḥlt/+y	nḥlt	n. f. sg. cstr. gen.	property	
# KTU 1.3 III:31							
127699	b	b	b	b	prep.	in	
127700	nˤm	nʿm	nˤm(II)/	nʕm (II)	n. m. sg. abs. gen.	1) grace	IS THIS (I) ADJ OR (II) NOUN?
127701	b	b	b	b	prep.	in	
127702	gbˤ	gbʿ	gbˤ/	gbʕ	n. m. sg. cstr. gen.	hill	
127703	tliyt	tliyt	tliyt/	tlỉyt	n. f. sg. abs. gen.	triumph	
# KTU 1.3 III:32							
127704	hlm	hlm	hlm	hlm	conj. functor	and so	or hl~m
127705	ˤnt	ʿnt	ˤnt(I)/	ʕnt (I)	DN f. sg. abs. nom.	ʿAnatu/Anat	
127706	tph	tph	!t!ph(y[	/p-h-y/	vb G prefc. 3 m. pl.	to see, espy	
127707	ilm	ilm	il(I)/m	ỉl (I)	n. m. pl. abs. nom.	1) god c) object or purpose of an action	
127708	bh	bh	b+h=	b	prep.	1) spatial location a) place in which something occurs	
127709	pˤnm	pʿnm	pˤn/m	pʕn	n. f. pl. abs. nom.	1) foot a) tdʕṣ pʕnm she pressed (?) (her) feet (down)	
# KTU 1.3 III:33							
127710	tṭṭ	tṭṭ	!t!(nṭṭ[	/n-ṭ-ṭ/	vb G prefc.	to shake	can't be :d because of the assimilation of n
127711	bˤdn	bʿdn	bˤd~n	bʕd	adv. or prep.	1) adv.	preposition with enl n and perhaps assimilated pronoun h?
127712	ksl	ksl	ksl/	ksl	n. f. sg. abs. nom.	1) back	
127713	tṯbr	tṯbr	!t!](n]ṯbr[	/ṯ-b-r/	vb N prefc. 3 m. pl.	to break, be shattered, buckle	
# KTU 1.3 III:34							
127714	ˤln	ʿln	ˤl~n	ʕl (I)	prep.	upon	
127715	pnh	pnh	pn(m/+h=	pnm	n. m. pl. cstr. nom.	1) face	m is pl tant perhaps pn/(m+h=
127716	tdˤ	tdʿ	!t!(ydˤ(II)[	/y-d-ʕ/ (I)	vb G prefc. 3 m. pl.	to know	
127717	tġṣ	tġṣ	!t!(nġṣ[	/n-ġ-ṣ/	vb G prefc.	to contract, shake	
127718	pnt	pnt	pnt/	pnt	n. f. pl. cstr. nom.	knuckle	
# KTU 1.3 III:35							
127719	kslh	kslh	ksl/+h=	ksl	n. f. cstr. gen.	1) back	
127720	anš	anš	&a(ʔnš[	/ʔ-n-š/	vb G suffc. 3 m. sg.	to languish, fall ill	kslh anš 'his loins go weak'.
127721	dt	dt	dt	d	det. or rel. functor	1) the one(s) of b) det. of property	
127722	ẓrh	ẓrh	ẓr(I)/+h=	ẓr (I)	n. m. cstr. nom.	1) back a) literal meaning	
127723	tšu	tšu	!t!](n]š(ʔ[&u	/n-š-ʔ/	vb G prefc.	to raise	the final vowel after the bracket, an ending
# KTU 1.3 III:36							
127724	gh	gh	g/+h=	g	n. m. sg. cstr. nom.	(loud) voice	
127725	w	w	w	w	conj.	and	
127726	tṣḥ	tṣḥ	!t!ṣḥ[	/ṣ-ḥ/	vb G prefc.	to exclaim	
127727	ik	ik	ik	ỉk	interr. functor	how?	
127728	mġy	mġy	mġy[	/m-ġ-y/	vb G suffc. 3 m. sg.	to come, arrive	
127729	gpn	gpn	gpn(III)/	gpn (III)	DN m. sg. abs. nom.	(vine-)stock	
127730	w	w	w	w	conj.	and	
127731	ugr	ugr	ugr(II)/	ủgr (II)	DN sg. abs. nom.	Ugar/one of the two messenger-boys of Baal	
# KTU 1.3 III:37							
127732	m	m	m	m(h)	pers. pn.	what?	MERGE WITH NEXT WORD?? or the previous one
127733	mn	mn	mn(I)	mn (IV)	?	?	
127734	ib	ib	ib(I)/	ỉb (I)	n. m. sg. abs. nom.	enemy	
127735	ypˤ	ypʿ	ypˤ[	/y-p-ʕ/	vb G prefc. 3 m. sg.	to go up, rise	
127736	l	l	l(I)	l (I)	prep.	to	
127737	bˤl	bʿl	bˤl(II)/	bʕl (II)	n. m. pl. cstr. gen.	Baʿlu/Baal	line 37 smith p 204
127738	ṣrt	ṣrt	ṣrt/	ṣrt	n. f. sg. abs. gen.	enmity	
# KTU 1.3 III:38							
127739	l	l	l(I)	l (II)	adv.	no	
127740	rkb	rkb	rkb(I)[/	rkb (I)	n. m. sg. cstr. nom.	Charioteer	
127741	ˤrpt	ʿrpt	ˤrpt/	ʕrpt	n. f. sg. abs. gen.	cloud(s)	
127742	l	l	l(III)	l (II)	adv.	no	or l(II) if a rhetorical question as in DULAT
127743	mḫšt	mḫšt	mḫš[t	/m-ḫ-š/	vb G suffc. 1 c. sg.	to crush	
127744	mdd	mdd	mdd(I)/	mdd (I)	n. m. sg. cstr. nom.	1) beloved	
# KTU 1.3 III:39							
127745	il	il	il(I)/	ỉl (I)	DN m. sg. cstr. gen.	ʾIlu/Ilu/El	
127746	ym	ym	ym(II)/	ym (II)	n. m. sg. abs. gen.	2) DN	
127747	l	l	l(III)	l (I)	prep.	to	
127748	klt	klt	kl(l[t:d	/k-l-l/	vb D suffc. 1 c. sg.	to complete, finish	
127749	nhr	nhr	nhr/	nhr	DN m. sg. cstr. nom.	Naharu/“River”/alternative DN of the god ym	
127750	il	il	il(I)/	ỉl (I)	DN m. sg. abs. gen.	ʾIlu/Ilu/El	
127751	rbm	rbm	rb(I)/~m(II)	rb (I)	adj. f. pl. abs. nom.	great	adverbial m
# KTU 1.3 III:40							
127752	l	l	l(III)	l (I)	prep.	to	
127753	ištbm	ištbm	!(ʔ&i!š]t]bm[	/š-b-m/	vb Gt prefc. 1 c. sg.	to muzzle	
127754	tnn	tnn	tnn(I)/	tnn (I)	DN sg. abs. nom.	“dragon” ym’s primordial ally or double	
127755	ištmdh	ištmdh	!(ʔ&i!š]t]md[+h	/ṣ-m-d/	vb Gt prefc. 1 c. sg. + 3 m. sg. suff.	to harness, yoke	Hutton: ṣ-m-d with assimilation
# KTU 1.3 III:41							
127756	mḫšt	mḫšt	mḫš[t	/m-ḫ-š/	vb G suffc. 1 c. sg.	to crush	
127757	bṯn	bṯn	bṯn/	bṯn	n. m. sg. abs. nom.	serpent	
127758	ˤqltn	ʿqltn	ˤqltn/	ʕqltn	adj. m. sg. abs. nom.	winding	
# KTU 1.3 III:42							
127759	šlyṭ	šlyṭ	šlyṭ/	šlyṭ	n. m. sg. abs. nom.	tyrant	
127760	d	d	d	d	det. or rel. functor	1) the one(s) of a) det. of quality	
127761	šbˤt	šbʿt	šbˤ(I)/t	šbʕ (I)	num. f.	1) numeral seven d) gen. syntagms	
127762	rašm	rašm	r(i&aš(I)/m	rỉš (I)	n. m. pl. abs. nom.	1) head	the form changes vowel in plural
# KTU 1.3 III:43							
127763	mḫšt	mḫšt	mḫš[t	/m-ḫ-š/	vb G suffc. 1 c. sg.	to crush	
127764	mdd	mdd	mdd(I)/	mdd (I)	n. m. sg. cstr. nom.	1) beloved	
127765	ilm	ilm	il(I)/m	ỉl (I)	n. m. pl. cstr. gen.	god	
127766	arš	arš	arš/	ảrš	DN sg. abs. gen.	a monster (“many-headed”, “whale”)	
# KTU 1.3 III:44							
127767	ṣmt	ṣmt	ṣm(t[t:d	/ṣ-m-t/	vb D suffc. 3 m. sg.	to destroy, wipe out, defeat	
127768	ˤgl	ʿgl	ˤgl(I)/	ʕgl (I)	n. m. sg. cstr. nom.	calf	
127769	il	il	il(I)/	ỉl (I)	DN m. sg. abs. gen.	ʾIlu/Ilu/El	
127770	ˤtk	ʿtk	ˤtk(I)/	ʕtk (I)	DN m. sg. abs. acc.	the Savage One	ʕgl il ʕtk 'the calf of El, the Savage One'.
# KTU 1.3 III:45							
127771	mḫšt	mḫšt	mḫš[t	/m-ḫ-š/	vb G suffc. 1 c. sg.	to crush	
127772	k	k	klb(t/t	klb (I)	n. f. sg. cstr. nom.	dog	MERGE WITH THE NEXT: k+lbt = klbt 'bitch (of the gods)'.
127773	lbt	lbt	klb(t/t	klb (I)	n. f. sg. cstr. nom.	dog	MERGE WITH THE PREVIOUS.
127774	ilm	ilm	il(I)/~m (I)	ỉl (I)	n. m. pl. cstr. gen.	god	SUFFIX?
127775	išt	išt	išt/	ỉšt	n. f. sg. abs. gen.	4) DN	
# KTU 1.3 III:46							
127776	klt	klt	kl(l[t:d	/k-l-l/	vb D suffc. 1 c. sg.	to complete, finish	
127777	bt	bt	bt(I)/	bt (I)	n. f. sg. cstr. nom.	3) stating quality (+ n. sg)	so we don't connect fem b(n(t/t with bn/?
127778	il	il	il(I)/	ỉl (I)	DN m. sg. cstr. gen.	ʾIlu/Ilu/El	
127779	ḏbb	ḏbb	ḏbb/	ḏbb	DN sg. abs. gen.	mythical female being defeated by Anat (etym. unc.)	
127780	imtḫṣ	imtḫṣ	!(ʔ&i!m]t]ḫṣ[	/m-ḫ-ṣ/	vb Gt prefc. 1 c. sg.	to fight	
127781	ksp	ksp	ksp/	ksp	n. m. sg. abs. nom.	1) silver a) 4.738	
# KTU 1.3 III:47							
127782	itrṯ	itrṯ	!(ʔ&i!(y]t]rṯ[	/y-r-ṯ/	vb Gt	to take possession	
127783	ḫrṣ	ḫrṣ	ḫrṣ/	ḫrṣ	n. m. sg. abs. nom.	1) gold a) in general	
127784	ṭrd	ṭrd	ṭrd[/	/ṭ-r-d/	vb G act. ptcpl. m. sg. cstr. gen.	to throw out, expel	1.3 IV active participle in a relative usage
127785	bˤl	bʿl	bˤl(II)/	bʕl (II)	n. m. pl. abs. gen.	Baʿlu/Baal	
# KTU 1.3 IV:1							
127786	b	b	b	b	prep.	in	
127787	mrym	mrym	mrym/	mrym	n. m. sg. cstr. gen.	height	
127788	ṣpn	ṣpn	ṣpn/	ṣpn	TN/DN sg. cstr. gen.	Ṣapānu/Zaphon/the mountain dwelling of bʕl deified	
127789	mšṣṣ	mšṣṣ	!m!]š](nṣṣ/[	mšṣṣ	n. m. sg. abs. gen.	one who drives out	participle of Š
127790	k	k	k(I)	k (I)	prep.	like	
127791	ˤṣr	ʿṣr	ˤṣr(I)/	ʕṣr (I)	n. f. sg. abs. gen.	1) bird	
# KTU 1.3 IV:2							
127792	u	u	udn/+h	ủdn (I)	n. f. sg. cstr. + 3 m. sg. suff.	ear	MERGE WITH THE NEXT: u+dnh = udnh 'his ear'.
127793	dnh	dnh	udn/+h	ủdn (I)	n. f. sg. cstr. + 3 m. sg. suff.	ear	MERGE WITH THE PREVIOUS.
127794	gršh	gršh	grš[/+h	/g-r-š/	vb G ptcpl. m. sg. abs. nom.	to eject, drive out, evict, cast out	G participle; or :d SC
127795	l	l	l(I)	l (I)	prep.	to	
127796	ksi	ksi	ks(u&/i	ks/śủ	n. f. cstr. gen.	seat	case ending
127797	mlkh	mlkh	mlk(II)/+h	mlk (II)	n. m. cstr. gen.	kingdom (power and territory)	
# KTU 1.3 IV:3							
127798	l	l	l(I)	l (I)	prep.	to	
127799	nḫt	nḫt	nḫt/	nḫt	n. f. sg. abs. gen.	divan	
127800	l	l	l(I)	l (I)	prep.	to	
127801	kḥṯ	kḥṯ	kḥṯ/	kḥṯ	n. m. sg. cstr. gen.	throne	
127802	drkth	drkth	drk(t/t/+h	drkt	n. f. sg. cstr. gen.	rule	
# KTU 1.3 IV:4							
127803	mnm	mnm	mn~m(II)	mnm	indef. pn.	any(thing)	let's mark m(II) unless it is clearly adverbial m(I)
127804	ib	ib	ib(I)	ỉb (I)	n. m. sg. abs. nom.	enemy	
127805	ypˤ	ypʿ	!y!(ypˤ[	/y-p-ʕ/	vb G prefc. 3 m. sg.	to go up	most probably PC for future / interrogative
127806	l	l	l(I)	l (I)	prep.	to	
127807	bˤl	bʿl	bˤl(II)/	bʕl (II)	n. m. pl. cstr. gen.	Baʿlu/Baal	
127808	ṣrt	ṣrt	ṣrt/	ṣrt	n. f. sg. abs. gen.	enmity	
127809	l	l	l(I)	l (I)	prep.	to	
127810	rkb	rkb	rkb(I)[/	rkb (I)	n. m. sg. cstr. gen.	Charioteer	act. ptc. < /r-k-b/
127811	ˤrpt	ʿrpt	ˤrpt/	ʕrpt	n. f. sg. abs. gen.	cloud(s)	
# KTU 1.3 IV:5							
127812	yˤn	yʿn	!y!ˤn(y[	/ʕ-n-y/ (I)	vb G prefc. 3 m. sg.	1) to answer	
127813	ġlmm	ġlmm	ġlm/m	ġlm	n. m. abs. nom.	boy	
127814	yˤnyn	yʿnyn	!y!ˤny[n	/ʕ-n-y/ (I)	vb G prefc. 3 m. sg.	1) to answer	
127815	l	l	l(II)	l (II)	adv.	no	
127816	ib	ib	ib(I)/	ỉb (I)	n. m. sg. abs. nom.	enemy	
127817	ypˤ	ypʿ	ypˤ[	/y-p-ʕ/	vb G prefc. 3 m. sg.	to go up, rise	or !y!(ypˤ[
# KTU 1.3 IV:6							
127818	l	l	l(I)	l (I)	prep.	to	
127819	bˤl	bʿl	bˤl(II)/	bʕl (II)	n. m. pl. cstr. gen.	Baʿlu/Baal	
127820	ṣrt	ṣrt	ṣrt/	ṣrt	n. f. sg. abs. gen.	enmity	
127821	l	l	l(I)	l (I)	prep.	to	
127822	rkb	rkb	rkb(I)[/	rkb (I)	n. m. sg. cstr. gen.	Charioteer	
127823	ˤrpt	ʿrpt	ˤrpt/	ʕrpt	n. f. sg. cstr. gen.	cloud(s)	
# KTU 1.3 IV:7							
127824	tḥm	tḥm	tḥm/	tḥm	n. m. sg. abs. gen.	message	
127825	aliyn	aliyn	aliyn/	ảlỉyn	adj. m. sg. abs. nom.	The Very / Most Powerful	
127826	bˤl	bʿl	bˤl(II)/	bʕl (II)	DN m. sg. cstr. nom.	Baʿlu/Baal	
127827	hwt	hwt	hwt(I)/	hwt (I)	n. f. sg. abs. gen.	word	
127828	aliy	aliy	aliy/	ảlỉy	adj. m. sg. cstr. nom.	The Most Powerful	
# KTU 1.3 IV:8							
127829	qrdm	qrdm	qrd(I)/m	qrd (I)	n. m. pl. abs. nom.	hero	
127830	qryy	qryy	!!qry[~y	/q-r-y/	vb G impv. 2	to meet	imp cf. above
127831	b	b	b	b	prep.	in	
127832	arṣ	arṣ	arṣ/	ảrṣ	n. f. sg. cstr. gen.	earth	
127833	mlḥmt	mlḥmt	mlḥmt/	mlḥmt	n. f. sg. abs. gen.	war	
# KTU 1.3 IV:9							
127834	št	št	!!št[	/š-t/	vb G impv. m. sg.	to place, set, set up, leave	št b ˤprm 'place in the dust!'.
127835	b	b	b	b	prep.	in	
127836	ˤprm	ʿprm	ˤpr(I)/m	ʕpr (I)	n. m. pl. cstr. gen.	dust	
127837	ddym	ddym	ddy/m	ddym	n. m. pl. abs. gen.	harmony	
127838	sk	sk	!!(nsk[	/n-s-k/	vb G impv. m. sg.	to pour (out), spill	sk šlm 'pour peace!'.
127839	šlm	šlm	šlm(I)/	šlm (I)	n. m. sg. abs. gen.	peace	
# KTU 1.3 IV:10							
127840	l	l	l(I)	l (I)	prep.	to	
127841	kbd	kbd	kbd(I)/	kbd (I)	n. cstr. gen.	within	
127842	arṣ	arṣ	arṣ/	ảrṣ	n. f. sg. cstr. gen.	earth	
127843	arbdd	arbdd	arbdd/	ảrbdd	n. m. sg. abs. gen.	rest	
127844	l	l	l(I)	l (I)	prep.	to	
127845	kbd	kbd	kbd(I)/	kbd (I)	n. cstr. gen.	within	
127846	šdm	šdm	šd(I)/m	šd (I)	n. m. pl. abs. gen.	open field	
# KTU 1.3 IV:11							
127847	hšk	hšk	!!(ḥ&hš(I)[/+k	/ḥ-š/ (I)	vb G inf. + 2 m. sg. suff.	to hurry, make haste	Smith-Pitard: three infinitives.
127847	hšk	hšk	!!(ḥ&hšk[	/ḥ-š-k/	vb G impv. m. sg.	to seize, grasp	DULAT: 'grasp your staff (and) your mace' (1.3 III:18).
127848	ˤṣk	ʿṣk	!!ˤṣ[/+k	/ʕ-s-y:s/	vb G inf. + 2 m. sg. suff.	?	Smith-Pitard: infinitive (DULAT /ʕ-s-y:s/ '?').
127848	ˤṣk	ʿṣk	ˤṣ/+k	ʕṣ	n. m. sg. cstr. acc. + 2 m. sg. suff.	tree, plant, (vine-)stock	DULAT: 'your staff'.
127849	ˤbṣk	ʿbṣk	!!ˤbṣ[/+k	?	vb G inf. + 2 m. sg. suff.	?	Smith-Pitard: infinitive; no DULAT verbal root (cf. ʕbṣ (I) n. 'mace').
127849	ˤbṣk	ʿbṣk	ˤbṣ(I)/+k	ʕbṣ (I)	n. m. sg. cstr. acc. + 2 m. sg. suff.	mace	DULAT: 'your mace'.
127850	ˤmy	ʿmy	ˤm(I)+y	ʕm (I)	prep.	to	
127851	pˤnk	pʿnk	pˤn/+k	pʕn	n. f. cstr. nom.	foot	
# KTU 1.3 IV:12							
127852	tlsmn	tlsmn	!t!lsm[n	/l-s-m/	vb G prefc.	to run	
127853	ˤmy	ʿmy	ˤm(I)+y	ʕm (I)	prep.	to	
127854	twtḥ	twtḥ	!t!w]t]ḥ(y[	/w-ḥ-y/	vb Gt prefc. 3 m. du.	to hasten	
127855	išdk	išdk	išd/+k	ỉšd	n. m. du. cstr. nom.	leg	
# KTU 1.3 IV:13							
127856	dm	dm 	d~m(I)	dm (II)	n. m. sg. abs. nom.	blood	
127857	rgm	 rgm 	rgm/	rgm	n. m. sg. abs. nom.	word	
127858	iṯ	iṯ	iṯ(I)/	ỉṯ (I)	n. m. sg. abs. nom.	presence	I think this is a verb it(y[
127859	ly	ly	l(I)+y	l (I)	prep.	to	
127860	w	w	w	w	conj.	and	
127861	argmt	argmt	!a!rgm[+&t(k	/r-g-m/	vb G suffc. 1 c. sg.	to say, tell, announce, communicate, inform; to answer; to recite	scribal error
127862	hwt	hwt	hwt(I)/	hwt (I)	n. f. sg. abs. nom.	word	
# KTU 1.3 IV:14							
127863	w	w 	w	w	conj.	and	
127864	aṯnyk	aṯnyk 	!a!ṯny[+k	/ṯ-n-y/	vb G prefc. 1 c. sg.	to repeat	
127865	rgm	 rgm	rgm/	rgm	n. m. sg. cstr. nom.	word	
127866	ˤṣ	ʿṣ	ˤṣ/	ʕṣ	n. m. sg. abs. gen.	tree	
127867	w	w	w	w	conj.	and	
127868	lḫšt	lḫšt	lḫšt/	lḫšt	n. f. sg. cstr. nom.	chatter	
# KTU 1.3 IV:15							
127869	abn	abn 	abn/	ảbn	n. f. sg. abs. nom.	stone	lḫšt abn 'the whisper of stones'.
127870	rgm	rgm 	rgm/	rgm	n. m. sg. abs. nom.	word	rgm l tdˤ nšm 'a word people do not know'.
127871	l	 l 	l(II)	l (I)	prep.	to	
127872	tdˤ	tdʿ	!t!(ydˤ(I)[	/y-d-ʕ/ (I)	vb G prefc. 3 f. sg.	to know	tdˤ 'she knows' (Tania td+ˤ).
127873	nšm	nšm 	nš/m	nšm	n. m. pl. abs. nom.	people	
127874	w	 w 	w	w	conj.	and	
127875	l	l 	l(II)	l (I)	prep.	to	
127876	tbn	tbn	!t!bn[	/b-n-y/	vb G prefc. 3 m. pl.	to build	
# KTU 1.3 IV:16							
127877	hmlt	hmlt 	hmlt/	hmlt	n. f. pl. cstr. nom.	multitude	
127878	arṣ	 arṣ	arṣ/	ảrṣ	n. f. sg. abs. gen.	earth	
127879	tunt	tunt 	tun(t/t	?	?	?	variant tan(t/t
127880	šmm	 šmm 	šm(m(I)/m	šmm (I)	n. m. pl. abs. nom.	heavens	
127881	ˤm	 ʿm 	ˤm(I)	ʕm (I)	prep.	to	
127882	arṣ	 arṣ	arṣ/	ảrṣ	n. f. sg. cstr. gen.	earth	
# KTU 1.3 IV:17							
127883	thmt	thmt	thmt/	thmt	n. f. sg. abs. gen.	Primordial Ocean	
127884	ˤmn	ʿmn 	ˤm~n(II)	ʕm (I)	prep.	to	actually ˤmn(II) is just ˤm(I)~n
127885	kbkbm	 kbkbm 	kbkb/m	kbkb	n. m. pl. abs. gen.	heavenly body	
127886	abn	 abn 	!(ʔ&a!bn[	/b-n/	vb G prefc. 1 c. sg.	to understand	abn brq 'I understand the lightning'.
127887	brq	 brq	brq(I)/	brq (I)	n. m. sg. abs. nom.	ray	
# KTU 1.3 IV:18							
127888	d	d	d	d	det. or rel. functor	the one(s) of	
127889	l	l	l(II)	l (I)	prep.	to	
127890	tdˤ	tdʿ 	!t!(ydˤ(I)[	/y-d-ʕ/ (I)	vb G prefc. 3 m. pl.	to know	
127891	šmm	 šmm	šm(m(I)/m	šmm (I)	n. m. pl. abs. nom.	heavens	
127892	atm	atm 	!!at(w[~m(II)	/ʔ-t-w/	vb G prefc.	to come, go	atm w ank: Tania reads /ʔ-t-w/ 'come' + encl. -m (debated; cf. pron. 'you').
127893	w	w	w	w	conj.	and	
127894	ank	ank	ank	ảnk	pers. pn.	I	
# KTU 1.3 IV:19							
127895	ibġyh	ibġyh 	!(ʔ&i!bġy[+h	/b-ġ-y/	vb G prefc. 1 c. sg.	to reveal	
127896	b	 b 	b	b	prep.	in	
127897	tk	tk	tk/	tk	n. m. cstr. gen.	centre	
127898	ġry	 ġry	ġr(I)/+y	ġr (I)	n. m. cstr. gen.	mountain	
127899	il	il	il(I)/	ỉl (I)	DN m. sg. cstr. nom.	ʾIlu/Ilu/El	
127900	ṣpn	ṣpn	ṣpn/	ṣpn	TN/DN sg. abs. nom.	Ṣapānu/Zaphon/the mountain dwelling of bʕl deified	
# KTU 1.3 IV:20							
127901	b	b	b	b	prep.	in	
127902	qdš	qdš 	qdš(I)/	qdš (II)	n. m. sg. abs. gen.	sanctuary	
127903	b	b	b	b	prep.	in	
127904	ġr	ġr	ġr(I)/	ġr (I)	n. m. sg. cstr. gen.	mountain	
127905	nḥlty	 nḥlty	nḥlt/+y	nḥlt	n. f. sg. cstr. gen.	property	
# KTU 1.3 IV:21							
127906	w	w	w	w	conj.	and	
127907	tˤn	tʿn	!t!ˤn(y(I)[	/ʕ-n-y/ (I)	vb G prefc. 3 f. sg.	to answer	
127908	btlt	btlt 	btlt/	btlt	n. f. sg. cstr. nom.	virgin	
127909	ˤnt	 ʿnt	ˤnt(I)/	ʕnt (I)	DN f. sg. abs. gen.	ʿAnatu/Anat	
127910	tṯb	tṯb	!t!ṯb[	/ṯ-b/	vb G prefc.	to return, turn round, go back, make one’s way, go through	
# KTU 1.3 IV:22							
127911	ybmt	ybmt 	ybmt/	ybmt	n. f. sg. cstr. nom.	widow sister-in-law	
127912	limm	limm	lim(I)/m	lỉm (I)	n. m. pl. abs. gen.	people	
127913	an	an	an(I)	ản (I)	pers. pn.	1) i b) emph. subj. in VC	
127914	aqry	aqry	!(ʔ&a!qry[	/q-r-y/	vb G prefc. 1 c. sg.	to meet	
# KTU 1.3 IV:23							
127915	b	b 	b	b	prep.	in	
127916	arṣ	arṣ	arṣ/	ảrṣ	n. f. sg. cstr. gen.	earth	
127917	mlḥmt	mlḥmt	mlḥmt/	mlḥmt	n. f. sg. abs. gen.	war	
127918	ašt	ašt	!(ʔ&a!št[	/š-t/	vb G prefc. 1 c. sg.	to place	
127919	b	b	b	b	prep.	in	
127920	ˤprm	ʿprm	ˤpr(I)/m	ʕpr (I)	n. m. pl. cstr. gen.	dust	
# KTU 1.3 IV:24							
127921	ddym	ddym	ddy/m	ddym	n. m. pl. abs. gen.	harmony	the form is pl tant
127922	ask	ask	!(ʔ&a!(nsk[	/n-s-k/	vb G prefc. 1 c. sg.	to pour (out), spill	
127923	šlm	šlm 	šlm(I)/	šlm (I)	n. m. sg. abs. acc.	peace	ask šlm 'I pour peace'.
127924	l	l	l(I)	l (I)	prep.	to	
127925	kbd	kbd	kbd(I)/	kbd (I)	n. cstr. gen.	within	
127926	arṣ	arṣ	arṣ/	ảrṣ	n. f. sg. cstr. gen.	earth	
# KTU 1.3 IV:25							
127927	arbdd	arbdd 	arbdd/	ảrbdd	n. m. sg. abs. gen.	rest	
127928	l	l	l(I)	l (I)	prep.	to	
127929	kbd	kbd 	kbd(I)/	kbd (I)	n. cstr. gen.	within	
127930	šdm	 šdm	šd(I)/m	šd (I)	n. m. pl. abs. gen.	open field	
127931	yšt	yšt	!y!št[	/š-t/	vb G prefc. 3 m. sg.	to place, set, set up, leave	
# KTU 1.3 IV:26							
127932	bšmm	b šmm	b šm(m(I)/m	b; šmm (I)	prep.; n. m. du. abs. gen.	in; through, on; by, at; within, inside, in, to, against, between, upon; from; with, in; of, from among; heavens, sky	bšmm 'in the heavens' (Tania b+šmm).
127933	bˤl	bʿl	bˤl(II)	bʕl (II)	n. m. pl. cstr. nom.	Baʿlu/Baal	
127934	mdlh	mdlh	mdl(I)/h	mdl (II)	n. m. cstr. gen.	lightning (?)	
127935	ybˤr	ybʿr	!y!bˤr(I)[	/b-ʕ-r/ (I)	vb G prefc. 3 m. sg.	1) to ignite	
# KTU 1.3 IV:27							
127936	rkb	rkb 	rkb(I)[/	rkb (I)	n. m. sg. cstr. nom.	Charioteer	
127937	ˤrpt	 ʿrpt	ˤrpt/	ʕrpt	n. f. sg. cstr. gen.	cloud(s)	
127938	qrnh	qrnh	qrn/+h	qrn	n. f. cstr. gen.	2) lightning flash	p 279 line 27
127939	aqry	aqry	!(ʔ&a!qry[	/q-r-y/	vb G prefc. 1 c. sg.	to meet, encounter, go to meet	
# KTU 1.3 IV:28							
127940	ank	ank	ank	ảnk	pers. pn.	1) i b) emph. subj. in VC	
127941	b	b	b	b	prep.	in	
127942	arṣ	arṣ	arṣ/	ảrṣ	n. f. sg. cstr. gen.	earth	
127943	mlḥmt	mlḥmt	mlḥmt/	mlḥmt	n. f. sg. abs. gen.	war	
# KTU 1.3 IV:29							
127944	ašt	ašt	!(ʔ&a!št[	/š-t/	vb G prefc. 1 c. sg.	to place	
127945	b	b	b	b	prep.	in	
127946	ˤprm	ʿprm	ˤpr(I)/m	ʕpr (I)	n. m. pl. cstr. gen.	dust	
127947	ddym	ddym	ddy/m/	ddym	n. m. pl. abs. gen.	harmony	
127948	ask	ask	!(ʔ&a!(nsk[	/n-s-k/	vb G prefc. 1 c. sg.	to pour (out)	
# KTU 1.3 IV:30							
127949	šlm	šlm	šlm(I)/	šlm (I)	n. m. sg. abs. acc.	peace	šlm l kbd arṣ 'peace into the earth'.
127950	l	l	l(I)	l (I)	prep.	to	
127951	kbd	kbd	kbd(I)/	kbd (I)	n. abs. gen.	within	
127952	awṣ	awṣ	a&w(rṣ	?	?	?	SHOULD THIS BE arṣ ? see smith p 279 line 29-31
127953	arbdd	arbdd	arbdd/	ảrbdd	n. m. sg. abs. nom.	rest	
# KTU 1.3 IV:31							
127954	l	l	l(I)	l (I)	prep.	to	
127955	kbd	kbd	kbd(I)/	kbd (I)	n. cstr. gen.	within	
127956	šdm	šdm	šd(I)/m	šd (I)	n. m. pl. abs. gen.	open field	
127957	ap	ap	ap(I)	ảp (I)	adv./conj.	also	
127958	mṯn	mṯn	mṯn/	mṯn	n. m. sg. cstr. nom.	repetition	
127959	rgmm	rgmm	rgm/~m	rgm	n. m. pl. abs. gen.	word	
# KTU 1.3 IV:32							
127960	argmn	argmn	!a!rgm[~n	/r-g-m/	vb G prefc. 1 c. sg.	to say, tell, announce, communicate, inform; to answer; to recite	ap mṯn rgmm argmn 'a further word I will tell'.
127961	lk	lk	!!(hlk[	/h-l-k/	vb G impv. m. sg.	to go, go away; to run, flow; to roam	lk 'go!'.
127962	lk	lk	!!(hlk[	/h-l-k/	vb G impv. m. sg.	to go, go away; to run, flow; to roam	lk 'go!'.
127963	ˤnn	ʿnn	ˤnn/	ʕnn	n. m. sg. cstr. nom.	2) herald	
127964	ilm	ilm	il(I)/m	ỉl (I)	n. m. pl. abs. nom.	god	
# KTU 1.3 IV:33							
127965	atm	atm	atm	ảtm	pers. pn.	you	
127966	bštm	bštm	bš[tm	/b-š/	vb G suffc. 2 c. pl.	to go slowly	
127967	w	w	w	w	conj.	and	
127968	an	an	an(I)	ản (I)	pers. pn.	1) i b) emph. subj. in VC	
127969	šnt	šnt	šn(w[t	/š-n-w/	vb G suffc. 1 c. sg.	to change: <b>a)</b> reflex., to be disfigured, deformed; <b>b)</b> act., to transform	atm bštm w an šnt (debated; Tania reads /š-n-w/).
# KTU 1.3 IV:34							
127970	uġr	uġr	uġr/	ủġr	TN sg. abs. gen.	subterranean water course	
127971	l	l	l(I)	l (I)	prep.	to	
127972	rḥq	rḥq	rḥq/	rḥq	adj. m. pl. abs. gen.	distant	l rḥq ilm 'to the distant gods'.
127973	ilm	ilm	il(I)/m	ỉl (I)	n. m. pl. cstr. nom.	1) god c) object or purpose of an action	
127974	inbb	inbb	inbb/	ỉnbb	TN sg. abs. gen.	god (of the) mountain	
# KTU 1.3 IV:35							
127975	l	l	l(I)	l (I)	prep.	to	
127976	rḥq	rḥq	rḥq/	rḥq	adj. m. sg. abs. gen.	distant	
127977	ilnym	ilnym	ilny/m	ỉlny	adj. m. pl. abs. nom.	divine one	
127978	ṯn	ṯn	ṯn(I)	ṯn (I)	num.	1) the numeral two b) ge	are numbers not like nouns?
127979	mṯpdm	mṯpdm	mṯpd/m	mṯpd	n. m. pl. abs. nom.	layer	
# KTU 1.3 IV:36							
127980	tḥt	tḥt	tḥt(I)	tḥt (I)	prep.	1) under	
127981	ˤnt	ʿnt	ˤn/t	ʕn (I)	n. f. sg. cstr. gen.	2) spring	
127982	arṣ	arṣ	arṣ/	ảrṣ	n. f. sg. abs. gen.	3) lower world	
127983	ṯlṯ	ṯlṯ	ṯlṯ(I)	ṯlṯ (I)	num.	1) the numeral three b) genitive syntagms	
127984	mtḥ	mtḥ	mtḥ/	mtḥ	n. m. pl. cstr. nom.	to be long	
127985	ġyrm	ġyrm	ġyr/m	ġyr	n. m. pl. abs. gen.	depth	
# KTU 1.3 IV:37							
127986	idk	idk	idk	ỉdk	narrative adv. functor	then	
127987	l	l	l(I)	l (I)	prep.	to	
127988	ttn	ttn	!t!(ytn[	/y-t-n/	vb G prefc. 3 m. pl.	to give	
127989	pnm	pnm	pn(m/m	pnm	n. m. pl. abs. nom.	face	
127990	ˤm	ʿm	ˤm(I)	ʕm (I)	prep.	to	
127991	bˤl	bʿl	bˤl(II)/	bʕl (II)	n. m. pl. cstr. gen.	Baʿlu/Baal	
# KTU 1.3 IV:38							
127992	mrym	mrym	mrym/	mrym	n. m. sg. cstr. gen.	height	
127993	ṣpn	ṣpn	ṣpn/	ṣpn	TN/DN sg. abs. gen.	Ṣapānu/Zaphon/the mountain dwelling of bʕl deified	
127994	b	b	b	b	prep.	in	
127995	alp	alp	alp(II)/	ảlp (II)	num.	(one, a) thousand	alp šd rbt kmn 'a thousand fields, a myriad acres'.
127996	šd	šd	šd(I)/	šd (II)	n. m. sg. abs. gen.	1) a strip b) in lit. texts	
127997	rbt	rbt	rb/t	rb(b)t	num. sg.	ten thousand	
127998	kmn	kmn	kmn(I)/	kmn (I)	n. m. sg. cstr. nom.	acre	
# KTU 1.3 IV:39							
127999	hlk	hlk	hlk(I)/	hlk (I)	n. m. sg. cstr. gen.	walk	
128000	aḫth	aḫth	aḫt/+h	ảḫt (I)	n. f. sg. cstr. gen.	2) in figurative mng a) lover	
128001	bˤl	bʿl	bˤl(II)/	bʕl (II)	n. m. pl. abs. nom.	Baʿlu/Baal	
128002	yˤn	yʿn	!y!ˤn[	/ʕ-n/	vb G prefc. 3 m. sg.	to see, look (at), watch, spy	
128003	tdrq	tdrq	tdrq/	tdrq	n. m. sg. cstr. nom.	nimble step	
# KTU 1.3 IV:40							
128004	ybnt	ybnt	ybnt/	ybnt	n. f. sg. cstr. gen.	creature	
128005	abh	abh	ab/+h	ảb	n. m. cstr. gen.	father	
128006	šrḥq	šrḥq	]š]rḥq[	/r-ḥ-q/	vb Š suffc. 3 m. sg.	to remove, dismiss	
128007	aṯt	aṯt	aṯ(t/t=	ảṯt	n. f. sg. abs. nom.	1) woman	
128008	l	l	l(I)	l (I)	prep.	to	
128009	pnnh	pnnh	pn/(m~n+h	pnm	n. m. pl. cstr. + 3 m. sg. suff.	face, countenance	pl tant encl nun pron suff
# KTU 1.3 IV:41							
128010	št	št	št[	/š-t/	vb G suffc. 3 m. sg.	to place, set, set up, leave	
128011	alp	alp	alp(I).	ảlp (I)	n. m. sg. abs. nom.	1) (head of) cattle c) for slaughter ( ṭbḫ )	
128012	qdmh	qdmh	qdm(II)+h	qdm (II)	prep.	in front of	
128013	mria	mria	mr(u&i(I)/&a	mrủ (I)	n. m. sg. abs. acc.	fattened	alp qdmh mria 'an ox..., a fatling' (mrủ I; vs Tania (II)).
128014	w	w	w	w	conj.	and	
128015	tk	tk	tk/	tk	n. m. cstr. nom.	3) before	
# KTU 1.3 IV:42							
128016	pnh	pnh	pn/(m+h=	pnm	n. m. pl. cstr. gen.	2) lexicalised prep.	
128017	tḥspn	tḥspn	!t!ḥsp[n	/ḥ-s-p/	vb G prefc.	to draw	plur
128018	mh	mh	mh	mh/y	n. m. sg. abs. nom.	water	
128019	w	w	w	w	conj.	and	
128020	trḥṣ	trḥṣ	!t!rḥṣ[	/r-ḥ-ṣ/	vb G prefc. 3 f. sg.	to wash	
# KTU 1.3 IV:43							
128021	ṭl	ṭl	ṭl/	ṭl	n. m. sg. cstr. nom.	dew	
128022	šmm	šmm	šm(m(I)/m	šmm (I)	n. m. pl. cstr. gen.	1) heavens	
128023	šmn	šmn	šmn(I)/	šmn (I)	n. m. sg. cstr. gen.	oil	
128024	arṣ	arṣ	arṣ/	ảrṣ	n. f. sg. cstr. gen.	earth	
128025	ṭl	ṭl	ṭl/	ṭl	n. m. sg. cstr. gen.	dew	
128026	šmm	šmm 	šm(m(I)/m	šmm (I)	n. m. pl. abs. gen.	1) heavens	
128027	tskh	 tskh	!t!(nsk[+h=	/n-s-k/	vb G prefc.	to pour (out)	
# KTU 1.3 IV:44							
128028	rbb	rbb	rbb/	?	?	?	
128029	nskh	nskh	nsk[/+h=	/n-s-k/	vb G suffc. 3 m. sg.	to pour (out)	
128030	kbkbm	kbkbm	kbkb/m	kbkb	n. m. pl. abs. nom.	1) heavenly body	
# KTU 1.3 IV:45							
128031	ttpp	ttpp	!t!(n]t]pp[	/n-p(-p)/	vb Gt prefc.	to sprinkle oneself	
128032	anhbm	anhbm	anhb/m	ảnhb	n. m. pl. abs. nom.	ein Stein	
128033	d	d	d	d	det. or rel. functor	2) which	
128034	alp	alp	alp(II)/	ảlp (II)	num.	(one, a) thousand	d alp šd.
128035	šd	šd	šd(I)/	šd (I)	n. m. sg. cstr. gen.	open field	
# KTU 1.3 IV:46							
128036	ẓuh	ẓuh	ẓ(u/u+h	ẓủ	n. m. sg. cstr. gen.	exhalation	u is not just part of the root but also case ending
128037	b	b	b	b	prep.	in	
128038	ym	ym 	ym(II)/	ym (I)	n. m. sg. abs. gen.	day	
128039	xxxxxxxx	xxxxxxxx	xxxxxxxx	?	?	?	
# KTU 1.3 IV:47							
128040	bt	bt	bt(II)/	bt (II)	n. m. sg. abs. nom.	house	line 47 p281
128041	lbˤl	l bʿl 	l(I) bˤl(II)/	l (I); bʕl (II)	prep.; DN m. sg. gen.	to, towards, up to; lord; owner of (or resident in) a place, owner of thing, boss of a place or thing; person of superior rank	lbˤl 'to Baal' (Tania l+bˤl).
128042	km	 km 	km	km	prep./conj./adv.	like	
128043	ilm	 ilm 	il(I)/m	ỉl (I)	n. m. pl. abs. gen.	god	
128044	w	 w 	w	w	conj.	and	
128045	ḥẓr	ḥẓr	ḥẓr/	ḥẓr	n. m. sg. abs. nom.	mansion	
# KTU 1.3 IV:48							
128046	k	k	k(I)	k (I)	prep.	like	
128047	bn	bn	bn/	bn (I)	n. m. sg. cstr. gen.	4) special uses b) pl. cstr./suff. bn “sons of” > family	
128048	aṯrt	aṯrt 	aṯrt(II)/	ảṯrt (II)	DN f. sg. cstr. gen.	ʾAṯiratu/Athirat/Asherah/El’s wife	line 48 p281
128049	mṯb	 mṯb 	mṯb/	mṯb	n. m. sg. cstr. gen.	residence	
128050	il	 il 	il(I)/	ỉl (I)	DN m. sg. cstr. gen.	ʾIlu/Ilu/El	
128051	mẓll	 mẓll	mẓll/	mẓll	n. m. sg. cstr. gen.	shelter	
# KTU 1.3 IV:49							
128052	bnh	bnh	bn(I)/+h	bn (I)	n. m. cstr. gen.	son	
128053	mṯb	mṯb 	mṯb/	mṯb	n. m. sg. abs. nom.	residence	
128054	rbt	 rbt 	rbt(I)/	rbt (I)	n. f. sg. abs. nom.	Lady	
128055	aṯrt	 aṯrt 	aṯrt(II)/	ảṯrt (II)	DN f. sg. abs. nom.	ʾAṯiratu/Athirat/Asherah/El’s wife	
128056	ym	 ym	ym(II)/	ym (II)	n. m. sg. abs. nom.	sea	
# KTU 1.3 IV:50							
128057	mṯb	mṯb	mṯb/	mṯb	n. m. sg. abs. nom.	1) residence	
128058	pdry	pdry 	pdry/	pdry	DN sg. abs. nom.	Pidray	
128059	bt	 bt 	bt/	bt (I)	n. f. sg. abs. nom.	daughter	
128060	ar	 ar 	ar/	ả/ỉr	n. m. sg. abs. nom.	light	
128061	mẓll	 mẓll	mẓll/	mẓll	n. m. sg. abs. nom.	shelter	
# KTU 1.3 IV:51							
128062	ṭly	ṭly	ṭly/	ṭl	n. m. cstr. nom.	dew	
128063	bt	bt	bt(I)/	bt (I)	n. f. sg. abs. nom.	daughter	
128064	rb	rb 	rb(b/	rb(b)	n. m. sg. cstr. gen.	drizzle	ṭly bt rb 'Tallay daughter of Drizzle' (rb(b), not rb 'chief').
128065	mṯb	 mṯb 	mṯb/	mṯb	n. m. sg. abs. nom.	residence	
128066	arṣy	 arṣy	arṣy/	ảrṣ	n. f. cstr. nom.	earth	
# KTU 1.3 IV:52							
128067	bt	bt	bt(I)/	bt (I)	n. f. sg. abs. nom.	daughter	
128068	yˤbdr	yʿbdr	yˤbdr/	yʕbdr	DN sg. abs. nom.	Yaʿibdarru/'(Daughter) of the Wide World'/attribute of ảrṣy, daughter of the god bʕl (etym. unc.)	
128069	mṯb	 mṯb 	mṯb/	mṯb	n. m. sg. abs. nom.	residence	
128070	klt	 klt	klt(I)/	klt (I)	n. f. sg. cstr. gen.	bride	mṯb klt 'dwelling of the bride'.
# KTU 1.3 IV:53							
128071	knyt	knyt	kny(t/t	knyt	adj. f. pl. abs. nom.	glorious	
128072	w	w	w	w	conj.	and	
128073	tˤn	tʿn 	!t!ˤn(y(I)[	/ʕ-n-y/ (I)	vb G prefc. 3 f. sg.	to answer	
128074	btlt	 btlt 	btlt/	btlt	n. f. sg. cstr. nom.	virgin	
128075	ˤnt	 ʿnt	ˤnt(I)/	ʕnt (I)	DN f. sg. abs. gen.	ʿAnatu/Anat	
# KTU 1.3 IV:54							
128076	yṯb	yṯb	!y!ṯb[	/y-ṯ-b/	vb G act. ptcpl. m. sg. abs. gen.	to sit down	ROOT ṯ-b
128077	ly	ly	l(I)+y	l (I)	prep.	1) prep. of direction a) allative	
128078	ṯr	ṯr	ṯr(I)/	ṯr (I)	n. m. sg. abs. nom.	bull	
128079	il	il 	il(I)/	ỉl (I)	DN m. sg. abs. nom.	ʾIlu/Ilu/El	
128080	aby	 aby  	ab/+y	ảb	n. m. cstr. nom.	father	
# KTU 1.3 IV:55							
128081	yṯb	yṯb	!y!ṯb[	/y-ṯ-b/	vb G prefc. 3 m. sg.	to sit down	
128082	ly	ly	l(I)/y	l (I)	prep.	to	
128083	w	w	w	w	conj.	and	
128084	lh	lh	l(I)+h	l (I)	prep.	to	
128085	aṯb	aṯb	!a!ṯb[	/y-ṯ-b/	vb G prefc. 1 c. sg.	to sit down	
# KTU 1.3 V:1							
128086	xxx	xxx	xxx	?	?	?	
128087	amṣḫ	amṣḫ	!(ʔ&a!mṣḫ[	?	?	?	# 1.3 V
128088	nn	nn	nn	nn	PN sg. abs. nom.	nn	MERGE WITH PREVIOUS ? No! let us keep it as it is, separately!
128089	k	k	k	k (I)	prep.	like	
128090	imr	imr	imr(I)/	ỉmr (I)	n. m. sg. abs. gen.	lamb	
128091	l	l	l(I)	l (I)	prep.	to	
128092	arṣ	arṣ	arṣ/	ảrṣ	n. f. sg. abs. gen.	1) earth	
# KTU 1.3 V:2							
128093	ašhlk	ašhlk	!a!!š!hlk[	/h-l-k/	vb Š prefc. 1 c. sg.	to cause to run	
128094	šbth	šbth	šb(t/t/+h	šbt	n. f. sg. cstr. nom.	greyness > old age	
128095	dmm	dmm	dm(II)/m(I)	dm (II)	n. m. pl. abs. nom.	1) blood	WHICH SUFFIX ? adverbial
128096	šbt	šbt	šbt/	šbt	n. f. sg. cstr. nom.	greyness > old age	
128097	dqnh	dqnh	dqn(I)/+h	dqn (I)	n. m. cstr. nom.	1) beard	
# KTU 1.3 V:3							
128098	xxxxkd	xxxxkd	xxxxkd	?	?	?	
128099	l	l	l(II)	l (II)	adv.	no	
128100	ytn	ytn	!y!(ytn[	/y-t-n/	vb G prefc. 3 m. sg.	to give, hand over, grant, bestow	
128101	bt	bt	bt(II)	bt (II)	n. m. sg. abs. nom.	1) house	
128102	l	l	l(I)	l (I)	prep.	to	
128103	bˤl	bʿl	bˤl(II)/	bʕl (II)	n. m. pl. abs. gen.	Baʿlu/Baal	
128104	k	k	k	k (I)	prep.	like	
128105	ilm	ilm	il(I)/m	ỉl (I)	n. m. pl. abs. gen.	god	
# KTU 1.3 V:4							
128106	w	w 	w	w	conj.	and	
128107	ḥẓr	ḥẓr	ḥẓr/	ḥẓr	n. m. sg. abs. nom.	mansion	
128108	k	k	k	-k (I)		your(s)	
128109	bn	bn	bn(I)/	bn (I)	n. m. sg. cstr. nom.	son	
128110	aṯrt	aṯrt	aṯrt(II)/	ảṯrt (II)	DN f. sg. abs. gen.	ʾAṯiratu/Athirat/Asherah/El’s wife	
128111	tdˤṣ	tdʿṣ 	!t!dˤṣ[	/d-ʕ-ṣ/	vb G prefc. 3 f. sg.	to fix	
128112	pˤn	pʿn	pˤn/	pʕn	n. f. abs. nom.	foot	
# KTU 1.3 V:5							
128113	w	w 	w	w	conj.	and	
128114	tr	tr 	!!tr[/	tr (II)	n. m. sg. cstr. nom.	turtledove	infinitive
128115	arṣ	 arṣ	arṣ/	ảrṣ	n. f. sg. abs. gen.	earth	
128116	idk	idk	idk	ỉdk	narrative adv. functor	then	
128117	l	l 	l(I)	l (I)	prep.	to	
128118	ttn	ttn 	!t!(ytn[	/y-t-n/	vb G prefc. 3 m. pl.	to give	
128119	pnm	 pnm	pn(m/m	pnm	n. m. pl. abs. nom.	face	Is this a plural? yes, plur tantum
# KTU 1.3 V:6							
128120	ˤm	ʿm 	ˤm(I)	ʕm (I)	prep.	to	
128121	il	 il	il(I)/	ỉl (I)	DN m. sg. cstr. gen.	ʾIlu/Ilu/El	
128122	mbk	mbk	mbk/	mbk	n. m. sg. cstr. gen.	source	
128123	nhrm	nhrm 	nhr/m	nhr	n. m. cstr. gen.	river	
128124	qrb	 qrb	qrb/	qrb	n. m. sg. cstr. gen.	inside	qrb apq 'in the midst of the channels'.
128125	apq	apq	apq/	ảpq	n. m. sg. abs. nom.	spring	
# KTU 1.3 V:7							
128126	thmtm	thmtm	thm(t/tm	thmt	n. f. du. abs. nom.	Primordial Ocean	
128127	tgl	tgl	!t!gl(y[	/g-l-y/	vb G prefc. 3 f. sg.	to present oneself	
128128	ḏd	ḏd	ḏd(II)/	ḏd (I)	n. m. sg. cstr. nom.	breast	
128129	il	il 	il(I)/	ỉl (I)	DN m. sg. abs. gen.	ʾIlu/Ilu/El	
128130	w	w	w	w	conj.	and	
128131	tbu	tbu	!t!b(ʔ&u[	/b-ʔ/	vb G prefc.	to enter	
# KTU 1.3 V:8							
128132	qrš	qrš	qrš/	qrš	n. m. sg. cstr. nom.	private room	
128133	mlk	mlk	mlk(I)/	mlk (I)	n. m. sg. cstr. gen.	king	
128134	ab	ab	ab/	ảb	n. m. sg. cstr. gen.	father	
128135	šnm	 šnm 	šn(t/m	šnm	DN sg. cstr. gen.	Šunama/Shunama/second member of the double-barrelled divine name ṯkmn w šnm, origin unknown	
128136	mṣr	mṣr	mṣr/	mṣr	n. m. sg. abs. gen.	sob	
# KTU 1.3 V:9							
128137	tbu	tbu	!t!b(ʔ&u[	/b-ʔ/	vb G prefc.	to enter, come, reach	
128138	ḏdm	ḏdm	ḏd(II)/m(I)	ḏd (II)	n. m. pl. abs. nom.	grotto	SUFFIX?
128139	qny	qny 	qny[/	/q-n-y/	vb G act. ptcpl. m. sg. abs. gen.	to acquire	active participle, Corrected text, SMITH p 325 line 9: tatanniyu
128140	w	 w 	w	w	conj.	and	
128141	adn	adn	adn(I)/	ảdn (I)	n. m. sg. cstr. nom.	1) lord	
128142	bn	bn 	bn(I)/	bn (I)	n. m. cstr. gen.	son	
128143	ilm	ilm	il(I)/m	ỉl (I)	n. m. pl. cstr. gen.	god	
# KTU 1.3 V:10							
128144	qlh	qlh	ql(I)/+h=	ql (I)	n. m. cstr. gen.	1) voice	
128145	yšˤmˤ	yšʿmʿ	!y!š&ˤmˤ[	/š-m-ʕ/	vb G prefc. 3 m. sg.	to hear, listen (to), notice	CORRECT? MIDDLE ˤ
128146	ṯr	ṯr	ṯr(I)/	ṯr (I)	n. m. sg. cstr. nom.	bull	
128147	il	il	il(I)/	ỉl (I)	DN m. sg. cstr. gen.	ʾIlu/Ilu/El	
128148	abh	abh	ab/+h=	ảb	n. m. cstr. gen.	father	
128149	yˤn	yʿn	!y!ˤn(y(I)[	/ʕ-n-y/ (I)	vb G prefc. 3 m. sg.	to answer	
128150	il	il	il(I)/	ỉl (I)	DN m. sg. abs. nom.	ʾIlu/Ilu/El	MISSING IN SMITH p325 line 11
# KTU 1.3 V:11							
128151	b	b	b	b	prep.	in	
128152	šbˤt	šbʿt	šbˤ(I)/t	šbʕ (I)	num. f.	seven	feminine ending
128153	ḥdrm	ḥdrm	ḥdr/m	ḥdr	n. m. pl. abs. nom.	1) room	
128154	b	b 	b	b	prep.	in	
128155	ṯmnt	ṯmnt 	ṯmn(I)/t	ṯmn(y) (I)	num. f.	eight	
128156	ap	 ap	ap(II)/	ảp (II)	n. m. sg. cstr. nom.	nose	
# KTU 1.3 V:12							
128157	sgrt	sgrt	sgrt/	sgrt	n. f. sg. cstr. gen.	room	plural
128158	gm	gm	gm	g	n. m. sg. abs. gen.	(loud) voice	
128159	xhxx	xhxx	xhxx	?	?	?	
128160	hxxxxxxxxx	hxxxxxxxxx	hxxxxxxxxx	?	?	?	
# KTU 1.3 V:13							
128161	ˤn	ʿn	ˤn/	ʕn (II)	n. f. sg. abs. nom.	furrow	
128162	ṯkxxxxxxxxxxxxxxxx	ṯkxxxxxxxxxxxxxxxx	ṯkxxxxxxxxxxxxxxxx	?	?	?	
# KTU 1.3 V:14							
128163	ˤln	ʿln	ˤl~n	ʕl (I)	prep.	upon	
128164	ṯxxxxxxxxxxxxxxxx	ṯxxxxxxxxxxxxxxxx	ṯxxxxxxxxxxxxxxxx	?	?	?	
# KTU 1.3 V:15							
128165	l	l	l	l (I)	prep.	to	
128166	pˤn	pʿn	pˤn/	pʕn	n. f. abs. gen.	at the feet of	
128167	ġlmmxxxxxxxxx	ġlmmxxxxxxxxx	ġlm/mxxxxxxxxx	ġlm	n. m. du. abs. nom.	boy, youth	
# KTU 1.3 V:16							
128168	mid	mid	mid/	mỉ/ủd	n. m. sg. cstr. nom.	2) abundantly	
128169	adn	adn	adn/	ảdn (I)	n. m. sg. abs. gen.	lord	
128170	xxx	xxx	xxx	?	?	?	
128171	ṣn	ṣn	ṣn	?	?	?	?
128172	ˤxxxxxxxxx	ʿxxxxxxxxx	ˤxxxxxxxxx	?	?	?	
# KTU 1.3 V:17							
128173	nrm	nrm	nr/~m	nr	n. m. cstr. nom.	sheen	SMITH p326: nr(t/t # line 17
128174	ilm	ilm	il(I)/m	ỉl (I)	n. m. pl. abs. nom.	god	
128175	špš	špš	špš/	špš	DN f. sg. abs. nom.	Šapšu/Shapsh/Shapshu	
128176	ṣḥrrt	ṣḥrrt	ṣḥrr[t	/ṣ-ḥ-r-r/	vb G suffc. 1 c. sg.	to roast	
# KTU 1.3 V:18							
128177	la	la	l(u/&a	lả	n. m. sg. cstr. acc.	power	a noun in accusative, the lexicon should be lu
128178	šmm	šmm	šm(m(I)/m	šmm (I)	n. m. pl. abs. gen.	heavens	
128179	b	b	b	b	prep.	in	
128180	yd	yd 	yd(I)/	yd (I)	n. f. sg. cstr. gen.	hand	
128181	bn	 bn 	bn(I)/	bn (I)	n. m. cstr. gen.	son	
128182	ilm	 ilm 	il(I)/m	ỉl (I)	n. m. pl. cstr. gen.	god	
128183	mt	 mt	mt(II)/	mt (II)	DN m. sg. abs. gen.	Mot/Death	
# KTU 1.3 V:19							
128184	w	w	w	w	conj.	and	
128185	tˤn	tʿn	!t!ˤn(y[	/ʕ-n-y/ (I)	vb G prefc. 3 f. sg.	to answer	w tˤn 'and she answered' (Tania merged w tˤn).
128186	btlt	btlt	btlt/	btlt	n. f. sg. cstr. nom.	virgin	
128187	ˤnt	ʿnt 	ˤnt(I)/	ʕnt (I)	DN f. sg. cstr. gen.	ʿAnatu/Anat	
128188	bnt	 bnt 	bnt(I)/	bnt (II)	n. f. sg. cstr. gen.	produce	
128189	bht	bht	b&ht(II)/+k	bt (II)	n. m. pl. cstr. + 2 m. sg. suff.	2) palace	MERGE WITH THE NEXT: bht+k = bhtk 'your house'.
# KTU 1.3 V:20							
128190	k	k	b&ht(II)/+k	bt (II)	n. m. pl. cstr. + 2 m. sg. suff.	2) palace	MERGE WITH THE PREVIOUS.
128191	y	y	y	y	prep. functor	oh!	
128192	ilm	ilm	il(I)/m	ỉl (I)	n. m. pl. cstr. gen.	2) DN a) activities of the god	plural
128193	bnt	bnt	bnt(I)/	bnt (I)	n. f. sg. cstr. gen.	masonry	
128194	bhtk	bhtk	bht/+k	bt (II)	n. m. cstr. gen.	house	
128195	al	al 	al(I)	ảl (I)	neg. functor	no	
128196	tšmḫ	 tšmḫ	!t=!šmḫ[	/š-m-ḫ/	vb G prefc. 3 f. sg.	to be glad, rejoice	plural
# KTU 1.3 V:21							
128197	al	al	al(I)	ảl (I)	neg. functor	no	
128198	tšmḫ	tšmḫ	!t!šmḫ[	/š-m-ḫ/	vb G prefc. 3 f. sg.	to be glad, rejoice	
128199	b	b	b	b	prep.	in	
128200	rm	rm	rm(I)/	rm (II)	n. m. sg. cstr. gen.	erection	
128201	hklk	 hklk	hkl/+k	hkl	n. m. cstr. gen.	palace	
# KTU 1.3 V:22							
128202	al	al	al(I)	ảl (II)	pos. functor	surely	al(I) or al(II)
128203	aḫdhm	aḫdhm	!(ʔ&a!(ʔḫd[+h~m	/ʔ-ḫ-d(/ḏ)/	vb G prefc.	to collect, to take (back), grasp, seize, hold	this is PC 1cs
128204	b	b	b	b	prep.	in	
128205	ymny	ymny	ymn(I)/+y	ymn (I)	n. m. cstr. gen.	1) right (side) a) right (hand)	
128206	xxx	xxx 	xxx	?	?	?	
128207	bˤl	bʿl	bˤl(II)/	bʕl (II)	n. m. pl. abs. nom.	Baʿlu/Baal	
# KTU 1.3 V:23							
128208	b	b	b	b	prep.	in	
128209	gdlt	gdlt	gdlt(II)/	gdlt (II)	n. f. sg. cstr. gen.	power	Page 326 Line 23
128210	arkty	arkty	arkt/+y	ảrkt	n. f. sg. cstr. gen.	length (of arm, etc.)	
128211	amḫṣxxx	amḫṣxxx	!(ʔ&a!mḫṣ[	/m-ḫ-ṣ/	vb G prefc. 1 c. sg.	to wound, beat, crush, kill	
# KTU 1.3 V:24							
128212	qdqdhk	qdqdhk	qdqd&h/+k	qdqd	n. m. cstr. nom.	skull	Extra h? Not in Smith p 326 line 23
128213	ašhlk	ašhlk	!(ʔ&a!]š]hlk[	/h-l-k/	vb Š prefc. 1 c. sg.	to cause to run, flow	
128214	šbtk	šbtk	šbt/+k	šbt	n. f. sg. cstr. nom.	greyness > old age	
128215	dmm	 dmm	dm(II)/m(I)	dm (II)	n. m. pl. abs. nom.	blood	
# KTU 1.3 V:25							
128216	šbt	šbt	šbt/	šbt	n. f. sg. cstr. nom.	greyness > old age	
128217	dqnk	dqnk	dqn(I)/+k	dqn (I)	n. m. cstr. nom.	beard	
128218	mmˤm	mmʿm	mmˤ/m(I)	mmʕ	n. m. pl. abs. nom.	gore	
128219	yˤny	yʿny	!y!ˤny(I)[	/ʕ-n-y/ (I)	vb G prefc. 3 m. sg.	to answer	
# KTU 1.3 V:26							
128220	il	il	il(I)/	ỉl (I)	DN m. sg. abs. nom.	ʾIlu/Ilu/El	
128221	b	b	b	b	prep.	in	
128222	šbˤt	šbʿt	šbˤ(I)/t	šbʕ (I)	num. f.	seven	
128223	ḥdrm	ḥdrm	ḥdr/m	ḥdr	n. m. pl. abs. nom.	room	
128224	b	b	b	b	prep.	in	
128225	ṯmnt	ṯmnt	ṯmn(t/t	ṯmn(y) (I)	num. f.	1) eight b) genitive syntagms	
# KTU 1.3 V:27							
128226	ap	ap	ap(II)	ảp (II)	n. m. sg. cstr. nom.	nose	WHICH LEX
128227	sgrt	sgrt	sgrt/	sgrt	n. f. sg. abs. gen.	room	
128228	ydˤtk	ydʿtk 	ydˤ[t+k	/y-d-ʕ/ (I)	vb G pass. ptcpl. m. sg. cstr. gen.	to know	
128229	bt	 bt	bt(I)/	bt (I)	n. f. sg. abs. nom.	daughter	
128230	k	k	k	k (III)	Subordinating or completive functor	when	
128231	anšt	anšt	(ʔ&anš[t==	/ʔ-n-š/	vb G suffc. 1 c. sg.	to languish, fall ill	SC or adjective ?
# KTU 1.3 V:28							
128232	k	k	k	k (I)	prep.	like	
128233	in	in	in	ỉn	n. m. sg. abs. gen.	1) there is/are not	
128234	b	b	b	b	prep.	in	
128235	ilht	ilht	il(t(I)/&ht	ỉlt (I)	n. f. pl. abs. gen.	1) goddess a) as a category/class	Plural of ilt "goddess" extended by h
128236	qlṣk	qlṣk	!!qlṣ[/k	/q-l-ṣ/	vb G inf.	to resist, stand up to, oppose	VErb form, infinitive or participle
128237	mh	mh	mh	mh	interr. pron.	what?	
128238	taršn	taršn	!t!(ʔ&arš[n	/ʔ-r-š/	vb G prefc.	to request, wish, demand, claim	
# KTU 1.3 V:29							
128239	l	l	l	l (I)	prep.	to	
128240	btlt	btlt	btlt/	btlt	n. f. sg. cstr. gen.	virgin	
128241	ˤnt	ʿnt	ˤnt(I)/	ʕnt (I)	DN f. sg. abs. gen.	ʿAnatu/Anat	
128242	w	w	w	w	conj.	and	
128243	tˤn	tʿn	!t!ˤn(y[	/ʕ-n-y/ (I)	vb G prefc. 3 f. sg.	to answer	
128244	btlt	btlt	btlt(I)/	btlt	n. f. sg. cstr. nom.	virgin	
128245	ˤnt	ʿnt	ˤnt(I)/	ʕnt (I)	DN f. sg. cstr. gen.	ʿAnatu/Anat	
# KTU 1.3 V:30							
128246	tḥmk	tḥmk	tḥm/+k	tḥm	n. m. cstr. gen.	message	
128247	il	il	il(I)/	ỉl (I)	DN m. sg. cstr. nom.	ʾIlu/Ilu/El	
128248	ḥkm	ḥkm	ḥkm/	ḥkm	n. m. sg. abs. nom.	wise	ḥkm (Tania read hkm; sign h/ḥ).
128249	ḥkmk	ḥkmk	ḥkm/+k	ḥkm	adj. m. cstr. nom.	wise	
# KTU 1.3 V:31							
128250	ˤm	ʿm	ˤm(I)	ʕm (I)	prep.	to	
128251	ˤlm	ʿlm	ˤlm(I)/	ʕlm (I)	n. m. sg. cstr. gen.	eternity	
128252	ḥyt	ḥyt	ḥyt/	ḥyt (I)	n. f. sg. abs. gen.	life	
128253	ḥẓt	ḥẓt	ḥẓ(t/t	ḥẓt	adj. f. sg. abs. nom.	happy	
128254	tḥmk	tḥmk	tḥm/+k	tḥm	n. m. cstr. nom.	message	
# KTU 1.3 V:32							
128255	mlkn	mlkn	mlk(I)/+n	mlk (I)	n. m. sg. cstr. nom.	1) king e) part of the divine titulary (cf. Rahmouni DEAUT 4ff.)	or ~n
128256	aliyn	aliyn	aliyn/	ảlỉyn	adj. m. sg. abs. nom.	The Very / Most Powerful	
128257	bˤl	bʿl	bˤl(II)/	bʕl (II)	DN m. sg. cstr. nom.	Baʿlu/Baal	
128258	ṯpṭn	ṯpṭn	ṯpṭ(II)/+n	ṯpṭ (II)	n. m. cstr. gen.	judge	or ~n
# KTU 1.3 V:33							
128259	in	in	in	ỉn	n. m. sg. abs. nom.	1) there is/are not	
128260	d	d	d	d	det. or rel. functor	2) which	
128261	ˤlnh	ʿlnh	ˤl(II)~n+h	ʕl (I)	prep.	1) spatial location or pre-eminence a) upon	
128262	klnyy	klnyy	klny~y	klny	adv.	all of us together	or kl(I)+ny~y
128263	qšh	qšh	qš/+h	qš (I)	n. m. sg. cstr. nom.	tankard	
# KTU 1.3 V:34							
128264	nbln	nbln	!n!(ybl[~n	/y-b-l/	vb G prefc. 1 c. pl.	to carry	
128265	klnyy	klnyy	klny~y	klny	adv.	all of us together	or kl(I)+ny~y
128266	nbl	nbl	!n!(ybl[	/y-b-l/	vb G prefc. 1 c. pl.	to carry	
128267	ksh	ksh	ks(I)/+h	ks (I)	n. m. cstr. nom.	cup	
# KTU 1.3 V:35							
128268	any	any	!!(ʔ&any[/	/ʔ-n-y/	vb G inf.	to sigh, groan	participle, or infinitive !!(ʔ&any[/
128269	l	l	l(III)	l (III)	functor	certainly	or (IV)??
128270	yṣḥ	yṣḥ	!y!ṣḥ[	/ṣ-ḥ/	vb G prefc. 3 m. sg.	to exclaim	
128271	ṯr	ṯr	ṯr/	ṯr (I)	n. m. sg. cstr. nom.	bull	
128272	il	il	il(I)/	ỉl (I)	DN m. sg. cstr. gen.	ʾIlu/Ilu/El	
128273	abh	abh	ab/+h	ảb	n. m. cstr. gen.	1) father b) espec. of El (Rahmouni DEUAT 3ff.)	
128274	il	il	il(I)/	ỉl (I)	DN m. sg. cstr. nom.	ʾIlu/Ilu/El	
# KTU 1.3 V:36							
128275	mlk	mlk	mlk(I)/	mlk (I)	n. m. sg. abs. nom.	king	
128276	d	d	d	d	det. or rel. functor	2) which	
128277	yknnh	yknnh	!y!knn[:l+h	/k-n/	vb L prefc. 3 m. sg.	to establish, interpose, bring up	this is L-stem verb (paalil)
128278	yṣḥ	yṣḥ	!y!ṣḥ[	/ṣ-ḥ/	vb G prefc. 3 m. sg.	to exclaim, shout	
128279	aṯrt	aṯrt	aṯrt(II)/	ảṯrt (II)	DN f. sg. abs. nom.	Asherah	
# KTU 1.3 V:37							
128280	w	w	w	w	conj.	and	
128281	bnh	bnh	bn(I)/h=	bn (I)	n. m. cstr. nom.	4) special uses b) pl. cstr./suff. bn “sons of” > family	
128282	ilt	ilt	ilt(I)/	ỉlt (I)	n. f. sg. abs. nom.	2) “the Goddess”	
128283	w	w	w	w	conj.	and	
128284	ṣbrt	ṣbrt	ṣbrt/	ṣbrt	n. f. sg. cstr. nom.	clan	
128285	arḫh	arḫh	ar&ḫ(y(I)/+h=	ảrḫ	n. f. cstr. gen.	cow	ary (I) kin
# KTU 1.3 V:38							
128286	wn	wn	w~n	w	conj.	and	DULAT 926 w (h~n but unnecessary
128287	in	in	in	ỉn	n. m. sg. cstr. nom.	2) he / she / it does not have	
128288	bt	bt 	bt(II)/	bt (II)	n. m. sg. abs. gen.	house	
128289	l	l	l(I)	l (I)	prep.	to	
128290	bˤl	bʿl	bˤl(II)/	bʕl (II)	n. m. pl. abs. gen.	Baʿlu/Baal	
128291	km	km	km	km	prep./conj./adv.	like	
128292	ilm	ilm	il(I)/m	ỉl (I)	n. m. pl. cstr. gen.	god	
# KTU 1.3 V:39							
128293	ḥẓr	ḥẓr	ḥẓr/	ḥẓr	n. m. sg. abs. gen.	mansion	
128294	k	k	k(I)	-k (I)		your(s)	
128295	bn	bn 	bn(I)/	bn (I)	n. m. sg. cstr. nom.	son	
128296	aṯrt	 aṯrt	aṯrt(II)/	ảṯrt (II)	DN f. sg. cstr. gen.	ʾAṯiratu/Athirat/Asherah/El’s wife	
128297	mṯb	mṯb	mṯb/	mṯb	n. m. sg. cstr. gen.	residence	
128298	il	il	il(I)/	ỉl (I)	DN m. sg. cstr. gen.	ʾIlu/Ilu/El	
# KTU 1.3 V:40							
128299	mẓll	mẓll	mẓll/	mẓll	n. m. sg. cstr. gen.	shelter	
128300	bnh	bnh 	bn(I)/+h	bn (I)	n. m. cstr. gen.	son	
128301	mṯb	 mṯb	mṯb/	mṯb	n. m. sg. abs. nom.	residence	
128302	rbt	rbt	rbt(I)/	rbt (I)	n. f. sg. abs. nom.	Lady	
128303	aṯrt	aṯrt	aṯrt(II)/	ảṯrt (II)	DN f. sg. abs. nom.	ʾAṯiratu/Athirat/Asherah/El’s wife	
# KTU 1.3 V:41							
128304	ym	ym	ym(II)/	ym (II)	n. m. sg. abs. nom.	sea	
128305	mṯb	mṯb	mṯb/	mṯb	n. m. sg. abs. nom.	residence	
128306	pdry	pdry	pdry/	pdry	DN sg. abs. nom.	Pidray	
128307	bt	bt	bt(I)/	bt (I)	n. f. sg. abs. nom.	daughter	
128308	ar	ar	ar/	ả/ỉr	n. m. sg. abs. nom.	light	
# KTU 1.3 V:42							
128309	mẓll	mẓll 	mẓll/	mẓll	n. m. sg. abs. nom.	shelter	
128310	ṭly	ṭly	ṭly/	ṭl	n. m. cstr. nom.	dew	
128311	bt	 bt 	bt(I)/	bt (I)	n. f. sg. abs. nom.	daughter	
128312	rb	rb	rb(b/	rb(b)	n. m. sg. cstr. gen.	drizzle	ṭly bt rb 'Tallay daughter of Drizzle' (rb(b), not rb 'chief').
128313	mṯb	mṯb	mṯb/	mṯb	n. m. sg. abs. nom.	residence	
# KTU 1.3 V:43							
128314	arṣy	arṣy 	arṣy/	ảrṣ	n. f. cstr. nom.	earth	
128315	bt	 bt 	bt(I)/	bt (I)	n. f. sg. abs. nom.	daughter	
128316	yˤbdr	 yʿbdr	yˤbdr/	yʕbdr	DN sg. abs. nom.	Yaʿibdarru/'(Daughter) of the Wide World'/attribute of ảrṣy, daughter of the god bʕl (etym. unc.)	
128317	mṯb	mṯb	mṯb/	mṯb	n. m. sg. abs. nom.	residence	
# KTU 1.3 V:44							
128318		                             		?	?	?	
# KTU 1.3 V:45							
128319	x	                             x	x	?	?	?	
# KTU 1.3 V:46							
128320	x	                             x	x	?	?	?	
# KTU 1.3 V:47							
128321	ḥ	                             ḥ	ḥ	ḥ	n. m. abs. nom.	life	
# KTU 1.3 V:48							
128322	x	                             x	x	?	?	?	
# KTU 1.3 V:49							
128323		                             		?	?	?	
# KTU 1.3 V:50							
128324	arṣ	                           arṣ	arṣ/	ảrṣ	n. f. sg. abs. nom.	earth	
# KTU 1.3 V:51							
128325	x	                             x	x	?	?	?	
# KTU 1.3 VI:1							
128326	ik	ik	ik	ỉk	interr. functor	how?	KTU 1.8 joint to column VI
128327	mgn	mgn	mgn(I)/	mgn (I)	n. m. sg. cstr. nom.	gift	
128328	rbt	rbt	rb(I)/t	rbt (I)	n. f. sg. cstr. gen.	Lady	
128329	aṯrt	aṯrt	aṯrt(II)/	ảṯrt (II)	DN f. sg. cstr. gen.	ʾAṯiratu/Athirat/Asherah/El’s wife	
# KTU 1.3 VI:2							
128330	ym	ym	ym(II)/	ym (II)	n. m. sg. cstr. gen.	sea	
128331	mġẓ	mġẓ	mġẓ/	mġẓ	n. m. abs. gen.	present	
128332	qnyt	qnyt	qny[/t	/q-n-y/	vb G act. ptcpl. m. sg. cstr. gen.	to acquire	Verb q-n-y participle
128333	ilm	ilm	il(I)/m	ỉl (I)	n. m. pl. abs. gen.	god	
# KTU 1.3 VI:3							
128334	w	w	w	w	conj.	and	
128335	tn	tn	!!(ytn[	/y-t-n/	vb	give	imperative, or !(t!(ytn[
128336	bt	bt	bt(II)/	bt (II)	n. m. sg. abs. nom.	house	
128337	l	l	l(I)	l (I)	prep.	to	
128338	bˤl	bʿl	bˤl(II)/	bʕl (II)	n. m. pl. abs. gen.	Baʿlu/Baal	
128339	km	km	km	km	prep./conj./adv.	like	
# KTU 1.3 VI:4							
128340	ilm	ilm	il(I)/m	ỉl (I)	n. m. pl. abs. gen.	god	
128341	w	w	w	w	conj.	and	
128342	ḥẓr	ḥẓr	ḥẓr/	ḥẓr	n. m. sg. abs. nom.	mansion	
128343	k	k	k	-k (I)		your(s)	
128344	bn	bn	bn(I)/	bn (I)	n. m. sg. cstr. nom.	son	
# KTU 1.3 VI:5							
128345	aṯrt	aṯrt	aṯrt(II)/	ảṯrt (II)	DN f. sg. cstr. gen.	ʾAṯiratu/Athirat/Asherah/El’s wife	
128346	gm	gm	g/~m	g	n. m. sg. abs. gen.	(loud) voice	"voice"
128347	l	l	l(I)	l (I)	prep.	to	
128348	ġlmh	ġlmh	ġlm/+h	ġlm	n. m. cstr. gen.	boy	
# KTU 1.3 VI:6							
128349	bˤl	bʿl	bˤl(II)/	bʕl (II)	n. m. pl. abs. nom.	Baʿlu/Baal	
128350	yṣḥ	yṣḥ	!y!ṣḥ[	/ṣ-ḥ/	vb G prefc. 3 m. sg.	to exclaim	
128351	ˤn	ʿn	!!ˤn[	/ʕ-n/	vb G impv. m. sg.	to see, look (at), watch, spy	ʕn gpn w ugr 'look, Gapnu-and-Ugaru!' (cf. 1.4 VII:53).
128352	gpn	gpn	gpn(III)	gpn (III)	DN m. sg. abs. nom.	(vine-)stock	
# KTU 1.3 VI:7							
128353	w	w	w	w	conj.	and	
128354	ugr	ugr	ugr(II)	ủgr (II)	DN m. sg. abs. nom.	Ugar/one of the two messenger-boys of Baal	
128355	bn	bn	bn(I)/	bn (I)	n. m. sg. cstr. gen.	son	
128356	ġlmt	ġlmt	ġlmt(I)/	ġlmt (II)	n. f. sg. abs. gen.	concealment	
# KTU 1.3 VI:8							
128357	ˤmm	ʿmm	ˤm(II)/~m	ʕm (I)	prep.	to	
128358	ym	ym	ym(I)/	ym (I)	n. m. sg. cstr. gen.	day	
128359	bn	bn	bn(I)/	bn (I)	n. m. sg. cstr. nom.	son	or b~n (preposition)
128360	ẓlmt	ẓlmt	ẓlmt/	ẓlmt	n. f. sg. abs. nom.	darkness	
# KTU 1.3 VI:9							
128361	rmt	rmt	rm(I)/t	rm (I)	adj. f. sg. abs. nom.	high	
128362	prˤt	prʿt	prˤt/	prʕt	n. f. pl. cstr. nom.	height	
128363	ibr	ibr 	ibr(II)	ỉbr (I)	n. m. sg. cstr. gen.	bull	?
128364	mnt	 mnt	mnt(I)/	mnt (I)	n. f. sg. abs. gen.	portion	??
# KTU 1.3 VI:10							
128365	ṣḥrrm	ṣḥrrm	ṣḥrr[~m	/ṣ-ḥ-r-r/	vb G suffc.	to roast	??
128366	ḥblm	ḥblm	ḥblm	ḥbl (I)	n. m. pl. cstr. nom.	cord	
# KTU 1.3 VI:11							
128367	ˤrpt	ʿrpt	ˤrpt	ʕrpt	n. f. sg. abs. gen.	cloud(s)	
128368	tḥt	tḥt	tḥt	tḥt (I)	prep.	under	
128369	x	x    	x	?	?	?	
# KTU 1.3 VI:12							
128370	m	m	m	m(h)	pers. pn.	what?	
128371	ˤṣrm	ʿṣrm	ˤṣr(I)/m	ʕṣr (I)	n. f. abs. nom.	bird	
128372	ḥxx	ḥxx 	ḥxx	?	?	?	
128373	tb	tb	tb	?	?	?	
# KTU 1.3 VI:13							
128374	glṯ	glṯ	glṯ/	glṯ	n. m. sg. abs. nom.	storm	
128375	isr	isr 	isr	?	?	?	not in the dictionary,  perhaps root ʔ-s-r 'tie'
128376	b	 b 	b	b	prep.	in	
128377	rišk	rišk	riš(I)/+km	rỉš (I)	n. m. sg. cstr. + 2 m. pl. suff.	head	MERGE WITH THE NEXT: rišk+m = riškm 'your (pl.) head'.
# KTU 1.3 VI:14							
128378	m	m	riš(I)/+km	rỉš (I)	n. m. sg. cstr. + 2 m. pl. suff.	head	MERGE WITH THE PREVIOUS.
128379	brqm	brqm 	brq(I)/m	brq (I)	n. m. pl. cstr. nom.	ray	
128380	bn	bn	bn(II)	bn (I)	n. m. sg. cstr. gen.	son	
128381	ˤnkm	ʿnkm	ˤn/+km	ʕn (I)	n. f. cstr. gen.	eye	
# KTU 1.3 VI:15							
128382	ymtn	ymtn 	y mt(III)/~n	mt (III)	n. m. sg. abs. nom.	man; individual, member	Broken (ymtn xx); Tania reads mt (III) 'man' + encl. -n.
128383	xx	 xx	xx	?	?	?	
128384	alp	alp	alp(II)/	ảlp (I)	n. m. sg. cstr. nom.	(head of) cattle	
# KTU 1.3 VI:16							
128385	šir	šir 	šir(II)/	šỉr (I)	n. m. sg. abs. gen.	flesh	
128386	b	 b	b	b	prep.	in	
128387	ym	ym	ym(II)/	ym (I)	n. m. sg. cstr. gen.	day	
128388	rbt	rbt	rb(bt/	rbt (I)	n. f. sg. abs. gen.	Lady	
# KTU 1.3 VI:17							
128389	xkmn	xkmn	xkmn	?	?	?	
128390	b	b	b	b	prep.	in	
128391	nhrm	nhrm	nhr/m	nhr	n. m. abs. gen.	river	
# KTU 1.3 VI:18							
128392	ˤbr	ʿbr	ˤbr[	/ʕ-b-r/	vb G suffc. 3 m. sg.	to pass	
128393	gbl	gbl	gbl(I)/	gbl (I)	n. m. sg. abs. nom.	summit	
128394	ˤbr	ʿbr	ˤbr[	/ʕ-b-r/	vb G suffc. 3 m. sg.	to pass	
# KTU 1.3 VI:19							
128395	qˤl	qʿl	qˤl(I)/	qʕl (I)	n. m. sg. abs. nom.	height	
128396	ˤbr	ʿbr	ˤbr[	/ʕ-b-r/	vb G suffc. 3 m. sg.	to pass	
128397	iht	iht	iht/	ỉht	n. f. pl. cstr. nom.	islands	
# KTU 1.3 VI:20							
128398	np	np	np/	np	n. m. pl. cstr. gen.	peak	
128399	šmm	šmm	šm(m(I)/m	šmm (I)	n. m. pl. abs. gen.	heavens	
128400	šmšr	šmšr	!!]š]mšr[	/m-š-r/	vb Š impv. 2	to set a vehicle in motion	
# KTU 1.3 VI:21							
128401	l	l	l(I)	l (I)	prep.	to	
128402	dgy	dgy	dgy/	dgy	n. m. du. cstr. gen.	triton	
128403	aṯrt	aṯrt	aṯrt(II)/	ảṯrt (II)	DN f. sg. abs. gen.	Asherah	
# KTU 1.3 VI:22							
128404	mġ	mġ	!!mġ(y[	/m-ġ-y/	vb G suffc. 3 m. sg.	to come, arrive	
128405	l	l	l(I)	l (I)	prep.	to	
128406	qdš	qdš	qdš(III)/	qdš (II)	n. m. sg. cstr. gen.	sanctuary	
128407	amrr	amrr	amrr/	ảmrr	DN sg. abs. gen.	“Blessed”, one of the two messenger-boys of the goddess ảṯrt	
# KTU 1.3 VI:23							
128408	idk	idk	id+k	ỉdk	narrative adv. functor	then	
128409	al	al	al(II)	ảl (I)	neg. functor	no	correct?
128410	ttn	ttn	!t!(ytn[	/y-t-n/	vb G prefc. 3 m. pl.	to give	
# KTU 1.3 VI:24							
128411	pnm	pnm	pn(m/m	pnm	n. m. pl. cstr. nom.	face	
128412	tk	tk	tk/	tk	n. m. cstr. gen.	centre	
128413	ḥqkpt	ḥqkpt	ḥqkpt/	ḥkpt	TN sg. cstr. gen.	mythical	
# KTU 1.3 VI:25							
128414	il	il	il(I)/	ỉl (I)	DN m. sg. cstr. gen.	ʾIlu/Ilu/El	
128415	klh	klh	kl/+h	kl	n. m. cstr. gen.	totality (of)	
128416	kptr	kptr	kptr/	kptr	TN sg. abs. nom.	Crete	
# KTU 1.3 VI:26							
128417	ksu	ksu	ksu/	ks/śủ	n. m. sg. cstr. nom.	seat, throne, chair	
128418	ṯbth	ṯbth	(yṯb[t+h	ṯbt	n. f. sg. cstr. nom.	seat	Correct?
128419	ḥkpt	ḥkpt	ḥkpt/	ḥkpt	TN sg. abs. nom.	mythical	
# KTU 1.3 VI:27							
128420	arṣ	arṣ	arṣ/	ảrṣ	n. f. sg. cstr. nom.	earth	
128421	nḥlth	nḥlth	nḥlt/+h	nḥlt	n. f. sg. cstr. nom.	property	
# KTU 1.3 VI:28							
128422	b	b	b	b	prep.	in	
128423	alp	alp	alp(II)/	ảlp (I)	n. m. sg. cstr. gen.	(head of) cattle	
128424	šd	šd	šd(II)/	šd (I)	n. m. sg. cstr. gen.	open field	
128425	rbt	rbt	rb(bt/	rbt (I)	n. f. sg. cstr. gen.	Lady	
# KTU 1.3 VI:29							
128426	kmn	kmn	kmn(I)/	kmn (I)	n. m. sg. abs. gen.	acre	
128427	l	l	l(I)	l (I)	prep.	to	
128428	pˤn	pʿn	pˤn/	pʕn	n. f. cstr. gen.	at the feet of	
128429	kṯr	kṯr	kṯr(III)/	kṯr (III)	DN m. sg. abs. nom.	Koṯaru/Kothar	kṯr (Tania kṯ<r>).
# KTU 1.3 VI:30							
128430	hbr	hbr	!!hbr[	/h-b-r/	vb G impv. 2	to bow	
128431	w	w	w	w	conj.	and	
128432	ql	ql	ql[	/q-l/	vb G suffc. 3 m. sg.	to fall (down)	
128433	tštḥ	tštḥ	!t!]št]ḥ(w(y[	/ḥ-w-y/ (II)	vb Št prefc. 3 f. sg.	to prostrate oneself	
# KTU 1.3 VI:31							
128434	wy	wy	wy	w	conj.	and	WHAT IS THIS?
128435	w	w	w	w	conj.	and	
128436	kbd	kbd	!!kbd[:d	/k-b-d/	vb D impv. 2	to honour	
128437	hwt	hwt	hw&t	hwt (I)	n. f. sg. abs. nom.	word	
# KTU 1.3 VI:32							
128438	w	w	w	w	conj.	and	
128439	rgm	rgm	!!rgm/	rgm	n. m. sg. abs. acc.	word	w rgm l kṯr 'a word to Kothar' (parallel to tḥm).
128440	l	l	l(I)	l (I)	prep.	to	
128441	kṯr	kṯr	kṯr(III)/	kṯr (III)	DN/element sg. abs. gen.	Koṯaru/Kothar	
# KTU 1.3 VI:33							
128442	w	w	w	w	conj.	and	
128443	ḫss	ḫss	ḫss/	ḫss	DN/element sg. abs. nom.	Ḫasisu/Khasis	
128444	ṯny	ṯny	!!ṯny[	/ṯ-n-y/	vb G suffc. 3 m. sg.	to repeat	
128445	l	l	l(I)	l (I)	prep.	to	
128446	h	h	hyn/	hyn	DN m. sg. abs. gen.	<i>Ea</i> of the Artisans	MERGE WITH THE NEXT: h+yn = hyn (DN Hayyānu/Kothar).
# KTU 1.3 VI:34							
128447	yn	yn	hyn/	hyn	DN m. sg. abs. gen.	<i>Ea</i> of the Artisans	MERGE WITH THE PREVIOUS.
128448	d	d	d	d	det. or rel. functor	the one(s) of	
128449	ḥrš	ḥrš	ḥrš(I)/	ḥrš (I)	n. m. sg. cstr. nom.	craftsman	
128450	ydm	ydm	yd/m	yd (I)	n. f. pl. cstr. gen.	hand	
# KTU 1.3 VI:35							
128451	tḥm	tḥm	tḥm/	tḥm	n. m. sg. abs. gen.	message	
128452	aliyn	aliyn 	aliyn/	ảlỉyn	adj. m. sg. abs. nom.	The Very / Most Powerful	
128453	bˤl	 bʿl	bˤl(II)/	bʕl (II)	DN m. sg. cstr. nom.	Baʿlu/Baal	
# KTU 1.3 VI:36							
128454	hwt	hwt 	hwt(I)/	hwt (I)	n. f. sg. abs. gen.	word	
128455	aliy	 aliy 	aliy/	ảlỉy	adj. m. sg. cstr. nom.	The Most Powerful	
128456	qrdm	 qrdm	qrd/m	qrd (I)	n. m. pl. abs. acc.	hero	qrdm 'heroes' (not present in Tania's copy).